request_id,department,planning_type,preferred_day,corridor_id,subsection_id,work_area_id,from_station,to_station,asset_id,asset_type,maintenance_type,issue,severity,criticality,urgency,overdue_days,estimated_duration_hours,safety_risk,operational_impact,request_status,planning_cycle,request_source,deadline_day,controller_status,approval_required
REQ-00001,Engineering,NORMAL,Tuesday,C04,C04-S04,C04-WA04,ST04,ST05,ENG-00068,Track,Track Inspection,Track geometry deviation,3,65,NORMAL,0,1.0,50,45,PENDING,NEXT_7_DAYS,ENGINEERING,Saturday,PENDING_REVIEW,True
REQ-00002,Engineering,EMERGENCY,Sunday,C01,C01-S02,C01-WA02,ST01,ST02,ENG-00055,Track,Turnout Maintenance,Sleeper deterioration,3,80,IMMEDIATE,7,2.5,26,58,PENDING,NEXT_7_DAYS,ENGINEERING,Sunday,PENDING_REVIEW,True
REQ-00003,Engineering,EMERGENCY,Wednesday,C01,C01-S02,C01-WA02,ST01,ST02,ENG-00177,Rail,Rail Renewal,Sleeper deterioration,3,59,IMMEDIATE,0,1.0,72,23,PENDING,NEXT_7_DAYS,ENGINEERING,Wednesday,PENDING_REVIEW,True
REQ-00004,Engineering,NORMAL,Sunday,C04,C04-S04,C04-WA04,ST04,ST05,ENG-00005,Turnout,Rail Renewal,Turnout defect,3,52,NORMAL,10,3.5,53,20,PENDING,NEXT_7_DAYS,ENGINEERING,Friday,PENDING_REVIEW,True
REQ-00005,Engineering,NORMAL,Thursday,C04,C04-S03,C04-WA03,ST04,ST05,ENG-00095,Track,Sleeper Replacement,Ballast condition,2,37,MEDIUM,0,1.5,42,48,PENDING,NEXT_7_DAYS,ENGINEERING,Tuesday,PENDING_REVIEW,True
REQ-00006,Engineering,NORMAL,Tuesday,C04,C04-S04,C04-WA04,ST04,ST05,ENG-00016,Rail,Bridge Inspection,Ballast condition,5,51,MEDIUM,0,3.5,12,29,PENDING,NEXT_7_DAYS,ENGINEERING,Wednesday,PENDING_REVIEW,True
REQ-00007,Engineering,NORMAL,Sunday,C03,C03-S02,C03-WA02,ST03,ST04,ENG-00135,Rail,Track Inspection,Joint/weld defect,4,81,NORMAL,5,2.0,42,61,PENDING,NEXT_7_DAYS,ENGINEERING,Monday,PENDING_REVIEW,True
REQ-00008,Engineering,NORMAL,Saturday,C02,C02-S02,C02-WA02,ST02,ST03,ENG-00064,Turnout,Bridge Inspection,Ballast condition,4,30,NORMAL,0,2.0,19,48,PENDING,NEXT_7_DAYS,ENGINEERING,Tuesday,PENDING_REVIEW,True
REQ-00009,Engineering,URGENT,Wednesday,C01,C01-S01,C01-WA01,ST01,ST02,ENG-00158,Bridge,Rail Renewal,Rail wear,3,63,HIGH,0,2.5,23,58,PENDING,NEXT_7_DAYS,ENGINEERING,Wednesday,PENDING_REVIEW,True
REQ-00010,Engineering,NORMAL,Tuesday,C01,C01-S03,C01-WA03,ST01,ST02,ENG-00147,Sleeper,Track Maintenance,Turnout defect,4,57,LOW,1,3.5,55,49,PENDING,NEXT_7_DAYS,ENGINEERING,Sunday,PENDING_REVIEW,True
REQ-00011,Engineering,NORMAL,Monday,C03,C03-S02,C03-WA02,ST03,ST04,ENG-00169,Turnout,Track Maintenance,Turnout defect,2,54,LOW,0,2.5,41,30,PENDING,NEXT_7_DAYS,ENGINEERING,Wednesday,PENDING_REVIEW,True
REQ-00012,Engineering,NORMAL,Saturday,C02,C02-S03,C02-WA03,ST02,ST03,ENG-00103,Sleeper,Track Inspection,Rail wear,3,67,NORMAL,3,1.0,48,39,PENDING,NEXT_7_DAYS,ENGINEERING,Monday,PENDING_REVIEW,True
REQ-00013,Engineering,URGENT,Wednesday,C02,C02-S01,C02-WA01,ST02,ST03,ENG-00136,Sleeper,Track Maintenance,Track geometry deviation,2,55,HIGH,10,1.0,32,64,PENDING,NEXT_7_DAYS,ENGINEERING,Wednesday,PENDING_REVIEW,True
REQ-00014,Engineering,NORMAL,Tuesday,C02,C02-S01,C02-WA01,ST02,ST03,ENG-00070,Track,Track Maintenance,Rail wear,1,32,MEDIUM,0,2.5,33,72,PENDING,NEXT_7_DAYS,ENGINEERING,Saturday,PENDING_REVIEW,True
REQ-00015,Engineering,NORMAL,Monday,C03,C03-S03,C03-WA03,ST03,ST04,ENG-00114,Turnout,Track Maintenance,Joint/weld defect,3,78,NORMAL,0,2.5,69,45,PENDING,NEXT_7_DAYS,ENGINEERING,Tuesday,PENDING_REVIEW,True
REQ-00016,Engineering,NORMAL,Tuesday,C01,C01-S01,C01-WA01,ST01,ST02,ENG-00047,Rail,Track Maintenance,Ballast condition,4,75,NORMAL,0,3.0,44,10,PENDING,NEXT_7_DAYS,ENGINEERING,Thursday,PENDING_REVIEW,True
REQ-00017,Engineering,NORMAL,Tuesday,C01,C01-S03,C01-WA03,ST01,ST02,ENG-00037,Track,Turnout Maintenance,Track geometry deviation,2,35,NORMAL,0,4.0,15,62,PENDING,NEXT_7_DAYS,ENGINEERING,Wednesday,PENDING_REVIEW,True
REQ-00018,Engineering,NORMAL,Wednesday,C01,C01-S02,C01-WA02,ST01,ST02,ENG-00070,Track,Track Inspection,Turnout defect,4,79,NORMAL,0,1.0,93,89,PENDING,NEXT_7_DAYS,ENGINEERING,Monday,PENDING_REVIEW,True
REQ-00019,Engineering,NORMAL,Sunday,C01,C01-S04,C01-WA04,ST01,ST02,ENG-00126,Bridge,Rail Renewal,Track geometry deviation,3,55,LOW,7,1.5,15,31,PENDING,NEXT_7_DAYS,ENGINEERING,Monday,PENDING_REVIEW,True
REQ-00020,Engineering,NORMAL,Friday,C02,C02-S01,C02-WA01,ST02,ST03,ENG-00139,Rail,Track Inspection,Joint/weld defect,4,44,MEDIUM,2,2.5,32,46,PENDING,NEXT_7_DAYS,ENGINEERING,Sunday,PENDING_REVIEW,True
REQ-00021,Engineering,NORMAL,Wednesday,C04,C04-S03,C04-WA03,ST04,ST05,ENG-00111,Turnout,Sleeper Replacement,Track geometry deviation,4,90,NORMAL,1,2.0,59,25,PENDING,NEXT_7_DAYS,ENGINEERING,Thursday,PENDING_REVIEW,True
REQ-00022,Engineering,NORMAL,Thursday,C04,C04-S02,C04-WA02,ST04,ST05,ENG-00101,Sleeper,Track Inspection,Ballast condition,4,93,LOW,2,2.5,62,44,PENDING,NEXT_7_DAYS,ENGINEERING,Friday,PENDING_REVIEW,True
REQ-00023,Engineering,NORMAL,Friday,C04,C04-S04,C04-WA04,ST04,ST05,ENG-00095,Sleeper,Track Inspection,Ballast condition,5,54,LOW,0,1.5,31,65,PENDING,NEXT_7_DAYS,ENGINEERING,Sunday,PENDING_REVIEW,True
REQ-00024,Engineering,NORMAL,Thursday,C02,C02-S04,C02-WA04,ST02,ST03,ENG-00032,Turnout,Rail Renewal,Turnout defect,3,32,MEDIUM,5,4.0,23,54,PENDING,NEXT_7_DAYS,ENGINEERING,Friday,PENDING_REVIEW,True
REQ-00025,Engineering,NORMAL,Sunday,C04,C04-S03,C04-WA03,ST04,ST05,ENG-00083,Sleeper,Track Inspection,Ballast condition,2,53,LOW,3,3.5,38,27,PENDING,NEXT_7_DAYS,ENGINEERING,Friday,PENDING_REVIEW,True
REQ-00026,Engineering,NORMAL,Tuesday,C02,C02-S04,C02-WA04,ST02,ST03,ENG-00046,Bridge,Track Maintenance,Joint/weld defect,3,58,LOW,1,3.5,58,41,PENDING,NEXT_7_DAYS,ENGINEERING,Saturday,PENDING_REVIEW,True
REQ-00027,Engineering,NORMAL,Wednesday,C01,C01-S02,C01-WA02,ST01,ST02,ENG-00010,Turnout,Turnout Maintenance,Rail wear,4,54,MEDIUM,0,1.0,66,74,PENDING,NEXT_7_DAYS,ENGINEERING,Sunday,PENDING_REVIEW,True
REQ-00028,Engineering,NORMAL,Monday,C03,C03-S02,C03-WA02,ST03,ST04,ENG-00123,Rail,Sleeper Replacement,Rail wear,5,21,MEDIUM,7,2.5,10,90,PENDING,NEXT_7_DAYS,ENGINEERING,Wednesday,PENDING_REVIEW,True
REQ-00029,Engineering,URGENT,Tuesday,C01,C01-S01,C01-WA01,ST01,ST02,ENG-00115,Bridge,Bridge Inspection,Track geometry deviation,5,36,HIGH,10,1.5,10,26,PENDING,NEXT_7_DAYS,ENGINEERING,Tuesday,PENDING_REVIEW,True
REQ-00030,Engineering,NORMAL,Saturday,C03,C03-S03,C03-WA03,ST03,ST04,ENG-00104,Turnout,Turnout Maintenance,Turnout defect,2,57,MEDIUM,0,3.5,17,27,PENDING,NEXT_7_DAYS,ENGINEERING,Thursday,PENDING_REVIEW,True
REQ-00031,Engineering,NORMAL,Friday,C04,C04-S03,C04-WA03,ST04,ST05,ENG-00037,Rail,Rail Renewal,Ballast condition,3,64,LOW,5,1.0,49,52,PENDING,NEXT_7_DAYS,ENGINEERING,Tuesday,PENDING_REVIEW,True
REQ-00032,Engineering,NORMAL,Tuesday,C01,C01-S02,C01-WA02,ST01,ST02,ENG-00161,Sleeper,Rail Renewal,Track geometry deviation,1,50,NORMAL,0,2.5,37,44,PENDING,NEXT_7_DAYS,ENGINEERING,Saturday,PENDING_REVIEW,True
REQ-00033,Engineering,NORMAL,Saturday,C01,C01-S04,C01-WA04,ST01,ST02,ENG-00083,Bridge,Bridge Inspection,Ballast condition,4,58,LOW,1,1.0,19,58,PENDING,NEXT_7_DAYS,ENGINEERING,Sunday,PENDING_REVIEW,True
REQ-00034,Engineering,NORMAL,Tuesday,C02,C02-S03,C02-WA03,ST02,ST03,ENG-00060,Bridge,Turnout Maintenance,Turnout defect,1,40,NORMAL,0,4.0,49,89,PENDING,NEXT_7_DAYS,ENGINEERING,Sunday,PENDING_REVIEW,True
REQ-00035,Engineering,NORMAL,Monday,C02,C02-S04,C02-WA04,ST02,ST03,ENG-00078,Track,Turnout Maintenance,Ballast condition,2,62,NORMAL,1,4.0,53,39,PENDING,NEXT_7_DAYS,ENGINEERING,Thursday,PENDING_REVIEW,True
REQ-00036,Engineering,URGENT,Monday,C04,C04-S04,C04-WA04,ST04,ST05,ENG-00115,Turnout,Track Inspection,Turnout defect,4,60,HIGH,1,1.0,20,55,PENDING,NEXT_7_DAYS,ENGINEERING,Wednesday,PENDING_REVIEW,True
REQ-00037,Engineering,NORMAL,Thursday,C01,C01-S04,C01-WA04,ST01,ST02,ENG-00039,Sleeper,Sleeper Replacement,Rail wear,3,25,NORMAL,0,4.0,10,71,PENDING,NEXT_7_DAYS,ENGINEERING,Friday,PENDING_REVIEW,True
REQ-00038,Engineering,URGENT,Monday,C01,C01-S02,C01-WA02,ST01,ST02,ENG-00136,Track,Turnout Maintenance,Turnout defect,3,81,HIGH,2,3.0,55,68,PENDING,NEXT_7_DAYS,ENGINEERING,Wednesday,PENDING_REVIEW,True
REQ-00039,Engineering,NORMAL,Tuesday,C02,C02-S04,C02-WA04,ST02,ST03,ENG-00048,Bridge,Track Inspection,Turnout defect,4,50,NORMAL,5,3.5,10,45,PENDING,NEXT_7_DAYS,ENGINEERING,Thursday,PENDING_REVIEW,True
REQ-00040,Engineering,NORMAL,Wednesday,C03,C03-S01,C03-WA01,ST03,ST04,ENG-00163,Rail,Bridge Inspection,Track geometry deviation,4,61,NORMAL,0,1.0,10,42,PENDING,NEXT_7_DAYS,ENGINEERING,Monday,PENDING_REVIEW,True
REQ-00041,Engineering,NORMAL,Wednesday,C02,C02-S02,C02-WA02,ST02,ST03,ENG-00120,Rail,Turnout Maintenance,Joint/weld defect,3,42,MEDIUM,0,2.5,57,58,PENDING,NEXT_7_DAYS,ENGINEERING,Monday,PENDING_REVIEW,True
REQ-00042,Engineering,URGENT,Thursday,C02,C02-S01,C02-WA01,ST02,ST03,ENG-00163,Bridge,Track Inspection,Joint/weld defect,4,91,HIGH,1,2.0,72,48,PENDING,NEXT_7_DAYS,ENGINEERING,Friday,PENDING_REVIEW,True
REQ-00043,Engineering,URGENT,Tuesday,C01,C01-S04,C01-WA04,ST01,ST02,ENG-00077,Sleeper,Track Inspection,Track geometry deviation,1,10,HIGH,3,2.5,10,77,PENDING,NEXT_7_DAYS,ENGINEERING,Thursday,PENDING_REVIEW,True
REQ-00044,Engineering,NORMAL,Saturday,C02,C02-S01,C02-WA01,ST02,ST03,ENG-00050,Bridge,Sleeper Replacement,Joint/weld defect,3,35,NORMAL,0,1.0,27,87,PENDING,NEXT_7_DAYS,ENGINEERING,Sunday,PENDING_REVIEW,True
REQ-00045,Engineering,URGENT,Tuesday,C02,C02-S02,C02-WA02,ST02,ST03,ENG-00052,Rail,Sleeper Replacement,Track geometry deviation,4,53,HIGH,5,3.0,59,82,PENDING,NEXT_7_DAYS,ENGINEERING,Thursday,PENDING_REVIEW,True
REQ-00046,Engineering,NORMAL,Monday,C02,C02-S02,C02-WA02,ST02,ST03,ENG-00177,Track,Sleeper Replacement,Joint/weld defect,1,65,NORMAL,3,2.0,27,61,PENDING,NEXT_7_DAYS,ENGINEERING,Thursday,PENDING_REVIEW,True
REQ-00047,Engineering,NORMAL,Monday,C04,C04-S01,C04-WA01,ST04,ST05,ENG-00133,Rail,Bridge Inspection,Turnout defect,3,65,LOW,5,1.0,47,68,PENDING,NEXT_7_DAYS,ENGINEERING,Tuesday,PENDING_REVIEW,True
REQ-00048,Engineering,NORMAL,Monday,C01,C01-S04,C01-WA04,ST01,ST02,ENG-00070,Sleeper,Rail Renewal,Sleeper deterioration,4,90,NORMAL,7,3.5,71,63,PENDING,NEXT_7_DAYS,ENGINEERING,Saturday,PENDING_REVIEW,True
REQ-00049,Engineering,URGENT,Saturday,C03,C03-S02,C03-WA02,ST03,ST04,ENG-00023,Turnout,Turnout Maintenance,Track geometry deviation,2,48,HIGH,1,3.0,35,23,PENDING,NEXT_7_DAYS,ENGINEERING,Saturday,PENDING_REVIEW,True
REQ-00050,Engineering,NORMAL,Saturday,C01,C01-S03,C01-WA03,ST01,ST02,ENG-00124,Turnout,Turnout Maintenance,Ballast condition,4,48,NORMAL,0,4.0,33,44,PENDING,NEXT_7_DAYS,ENGINEERING,Tuesday,PENDING_REVIEW,True
REQ-00051,Engineering,NORMAL,Tuesday,C02,C02-S01,C02-WA01,ST02,ST03,ENG-00136,Sleeper,Track Inspection,Turnout defect,4,32,NORMAL,14,1.5,10,78,PENDING,NEXT_7_DAYS,ENGINEERING,Friday,PENDING_REVIEW,True
REQ-00052,Engineering,NORMAL,Monday,C04,C04-S04,C04-WA04,ST04,ST05,ENG-00133,Sleeper,Track Inspection,Track geometry deviation,3,27,LOW,2,2.0,27,88,PENDING,NEXT_7_DAYS,ENGINEERING,Saturday,PENDING_REVIEW,True
REQ-00053,Engineering,NORMAL,Friday,C04,C04-S04,C04-WA04,ST04,ST05,ENG-00114,Bridge,Track Inspection,Rail wear,3,54,NORMAL,1,1.5,47,44,PENDING,NEXT_7_DAYS,ENGINEERING,Tuesday,PENDING_REVIEW,True
REQ-00054,Engineering,NORMAL,Friday,C01,C01-S01,C01-WA01,ST01,ST02,ENG-00053,Sleeper,Rail Renewal,Rail wear,2,34,MEDIUM,10,4.0,21,10,PENDING,NEXT_7_DAYS,ENGINEERING,Tuesday,PENDING_REVIEW,True
REQ-00055,Engineering,NORMAL,Wednesday,C01,C01-S04,C01-WA04,ST01,ST02,ENG-00058,Track,Track Inspection,Rail wear,4,60,LOW,5,3.5,68,16,PENDING,NEXT_7_DAYS,ENGINEERING,Saturday,PENDING_REVIEW,True
REQ-00056,Engineering,URGENT,Thursday,C04,C04-S02,C04-WA02,ST04,ST05,ENG-00095,Bridge,Track Maintenance,Joint/weld defect,2,36,HIGH,0,3.0,35,41,PENDING,NEXT_7_DAYS,ENGINEERING,Thursday,PENDING_REVIEW,True
REQ-00057,Engineering,NORMAL,Tuesday,C02,C02-S03,C02-WA03,ST02,ST03,ENG-00162,Rail,Track Inspection,Joint/weld defect,3,45,NORMAL,2,1.5,28,10,PENDING,NEXT_7_DAYS,ENGINEERING,Friday,PENDING_REVIEW,True
REQ-00058,Engineering,NORMAL,Wednesday,C04,C04-S04,C04-WA04,ST04,ST05,ENG-00012,Sleeper,Rail Renewal,Ballast condition,2,64,NORMAL,0,2.5,29,29,PENDING,NEXT_7_DAYS,ENGINEERING,Friday,PENDING_REVIEW,True
REQ-00059,Engineering,NORMAL,Friday,C04,C04-S03,C04-WA03,ST04,ST05,ENG-00143,Rail,Bridge Inspection,Turnout defect,3,38,NORMAL,0,2.5,80,49,PENDING,NEXT_7_DAYS,ENGINEERING,Tuesday,PENDING_REVIEW,True
REQ-00060,Engineering,URGENT,Thursday,C02,C02-S02,C02-WA02,ST02,ST03,ENG-00124,Bridge,Track Maintenance,Sleeper deterioration,3,70,HIGH,1,1.5,91,55,PENDING,NEXT_7_DAYS,ENGINEERING,Thursday,PENDING_REVIEW,True
REQ-00061,Engineering,NORMAL,Friday,C02,C02-S01,C02-WA01,ST02,ST03,ENG-00119,Bridge,Bridge Inspection,Ballast condition,5,64,NORMAL,2,2.0,68,78,PENDING,NEXT_7_DAYS,ENGINEERING,Sunday,PENDING_REVIEW,True
REQ-00062,Engineering,NORMAL,Monday,C03,C03-S01,C03-WA01,ST03,ST04,ENG-00017,Bridge,Rail Renewal,Sleeper deterioration,3,51,MEDIUM,3,3.0,39,54,PENDING,NEXT_7_DAYS,ENGINEERING,Friday,PENDING_REVIEW,True
REQ-00063,Engineering,NORMAL,Friday,C04,C04-S01,C04-WA01,ST04,ST05,ENG-00161,Sleeper,Rail Renewal,Rail wear,3,52,NORMAL,0,3.0,10,100,PENDING,NEXT_7_DAYS,ENGINEERING,Tuesday,PENDING_REVIEW,True
REQ-00064,Engineering,NORMAL,Friday,C03,C03-S01,C03-WA01,ST03,ST04,ENG-00009,Bridge,Track Inspection,Turnout defect,2,40,MEDIUM,0,3.5,64,53,PENDING,NEXT_7_DAYS,ENGINEERING,Monday,PENDING_REVIEW,True
REQ-00065,Engineering,URGENT,Saturday,C02,C02-S01,C02-WA01,ST02,ST03,ENG-00142,Sleeper,Turnout Maintenance,Sleeper deterioration,3,61,HIGH,14,2.5,71,59,PENDING,NEXT_7_DAYS,ENGINEERING,Sunday,PENDING_REVIEW,True
REQ-00066,Engineering,NORMAL,Wednesday,C01,C01-S03,C01-WA03,ST01,ST02,ENG-00116,Turnout,Sleeper Replacement,Turnout defect,4,60,LOW,1,1.0,24,63,PENDING,NEXT_7_DAYS,ENGINEERING,Sunday,PENDING_REVIEW,True
REQ-00067,Engineering,NORMAL,Friday,C02,C02-S02,C02-WA02,ST02,ST03,ENG-00080,Sleeper,Track Inspection,Track geometry deviation,3,24,NORMAL,0,2.0,10,41,PENDING,NEXT_7_DAYS,ENGINEERING,Saturday,PENDING_REVIEW,True
REQ-00068,Engineering,NORMAL,Friday,C01,C01-S01,C01-WA01,ST01,ST02,ENG-00049,Bridge,Turnout Maintenance,Joint/weld defect,3,100,LOW,0,2.5,89,84,PENDING,NEXT_7_DAYS,ENGINEERING,Tuesday,PENDING_REVIEW,True
REQ-00069,Engineering,NORMAL,Thursday,C02,C02-S02,C02-WA02,ST02,ST03,ENG-00095,Turnout,Track Inspection,Joint/weld defect,3,66,NORMAL,10,1.5,50,41,PENDING,NEXT_7_DAYS,ENGINEERING,Tuesday,PENDING_REVIEW,True
REQ-00070,Engineering,URGENT,Saturday,C01,C01-S02,C01-WA02,ST01,ST02,ENG-00008,Bridge,Sleeper Replacement,Joint/weld defect,2,20,HIGH,3,2.5,13,69,PENDING,NEXT_7_DAYS,ENGINEERING,Monday,PENDING_REVIEW,True
REQ-00071,Engineering,NORMAL,Tuesday,C03,C03-S04,C03-WA04,ST03,ST04,ENG-00037,Track,Rail Renewal,Ballast condition,4,93,NORMAL,0,1.0,48,48,PENDING,NEXT_7_DAYS,ENGINEERING,Wednesday,PENDING_REVIEW,True
REQ-00072,Engineering,NORMAL,Saturday,C02,C02-S02,C02-WA02,ST02,ST03,ENG-00098,Track,Rail Renewal,Sleeper deterioration,3,63,NORMAL,2,2.0,60,40,PENDING,NEXT_7_DAYS,ENGINEERING,Monday,PENDING_REVIEW,True
REQ-00073,Engineering,NORMAL,Wednesday,C04,C04-S01,C04-WA01,ST04,ST05,ENG-00122,Sleeper,Sleeper Replacement,Rail wear,3,100,NORMAL,0,1.5,95,25,PENDING,NEXT_7_DAYS,ENGINEERING,Saturday,PENDING_REVIEW,True
REQ-00074,Engineering,NORMAL,Wednesday,C01,C01-S03,C01-WA03,ST01,ST02,ENG-00012,Sleeper,Turnout Maintenance,Ballast condition,2,82,LOW,5,3.5,100,54,PENDING,NEXT_7_DAYS,ENGINEERING,Sunday,PENDING_REVIEW,True
REQ-00075,Engineering,URGENT,Wednesday,C03,C03-S02,C03-WA02,ST03,ST04,ENG-00116,Rail,Sleeper Replacement,Ballast condition,2,39,HIGH,0,2.0,29,59,PENDING,NEXT_7_DAYS,ENGINEERING,Wednesday,PENDING_REVIEW,True
REQ-00076,Engineering,NORMAL,Sunday,C02,C02-S04,C02-WA04,ST02,ST03,ENG-00126,Bridge,Bridge Inspection,Turnout defect,4,100,NORMAL,3,2.0,59,44,PENDING,NEXT_7_DAYS,ENGINEERING,Thursday,PENDING_REVIEW,True
REQ-00077,Engineering,NORMAL,Monday,C03,C03-S02,C03-WA02,ST03,ST04,ENG-00169,Track,Track Maintenance,Track geometry deviation,2,50,LOW,14,2.5,44,46,PENDING,NEXT_7_DAYS,ENGINEERING,Saturday,PENDING_REVIEW,True
REQ-00078,Engineering,NORMAL,Monday,C03,C03-S04,C03-WA04,ST03,ST04,ENG-00071,Bridge,Turnout Maintenance,Rail wear,2,37,NORMAL,2,2.0,10,36,PENDING,NEXT_7_DAYS,ENGINEERING,Tuesday,PENDING_REVIEW,True
REQ-00079,Engineering,NORMAL,Friday,C04,C04-S04,C04-WA04,ST04,ST05,ENG-00081,Sleeper,Rail Renewal,Ballast condition,4,92,NORMAL,0,1.0,36,71,PENDING,NEXT_7_DAYS,ENGINEERING,Tuesday,PENDING_REVIEW,True
REQ-00080,Engineering,NORMAL,Saturday,C04,C04-S01,C04-WA01,ST04,ST05,ENG-00058,Rail,Sleeper Replacement,Track geometry deviation,3,71,NORMAL,2,3.5,40,40,PENDING,NEXT_7_DAYS,ENGINEERING,Thursday,PENDING_REVIEW,True
REQ-00081,Engineering,NORMAL,Sunday,C01,C01-S04,C01-WA04,ST01,ST02,ENG-00066,Bridge,Bridge Inspection,Ballast condition,3,65,MEDIUM,0,3.0,39,67,PENDING,NEXT_7_DAYS,ENGINEERING,Thursday,PENDING_REVIEW,True
REQ-00082,Engineering,NORMAL,Saturday,C03,C03-S02,C03-WA02,ST03,ST04,ENG-00002,Rail,Turnout Maintenance,Sleeper deterioration,3,65,MEDIUM,0,3.5,36,73,PENDING,NEXT_7_DAYS,ENGINEERING,Tuesday,PENDING_REVIEW,True
REQ-00083,Engineering,NORMAL,Friday,C04,C04-S01,C04-WA01,ST04,ST05,ENG-00170,Turnout,Turnout Maintenance,Track geometry deviation,2,58,NORMAL,2,4.0,58,64,PENDING,NEXT_7_DAYS,ENGINEERING,Wednesday,PENDING_REVIEW,True
REQ-00084,Engineering,NORMAL,Sunday,C01,C01-S02,C01-WA02,ST01,ST02,ENG-00030,Track,Track Inspection,Track geometry deviation,3,30,NORMAL,1,2.0,34,59,PENDING,NEXT_7_DAYS,ENGINEERING,Monday,PENDING_REVIEW,True
REQ-00085,Engineering,NORMAL,Wednesday,C03,C03-S01,C03-WA01,ST03,ST04,ENG-00156,Rail,Bridge Inspection,Track geometry deviation,3,63,NORMAL,2,2.5,44,65,PENDING,NEXT_7_DAYS,ENGINEERING,Friday,PENDING_REVIEW,True
REQ-00086,Engineering,URGENT,Saturday,C01,C01-S01,C01-WA01,ST01,ST02,ENG-00047,Rail,Track Inspection,Turnout defect,2,53,HIGH,1,3.5,39,49,PENDING,NEXT_7_DAYS,ENGINEERING,Saturday,PENDING_REVIEW,True
REQ-00087,Engineering,NORMAL,Wednesday,C03,C03-S01,C03-WA01,ST03,ST04,ENG-00110,Rail,Sleeper Replacement,Sleeper deterioration,4,64,MEDIUM,0,1.5,73,29,PENDING,NEXT_7_DAYS,ENGINEERING,Monday,PENDING_REVIEW,True
REQ-00088,Engineering,NORMAL,Wednesday,C04,C04-S04,C04-WA04,ST04,ST05,ENG-00096,Track,Turnout Maintenance,Rail wear,2,71,LOW,1,2.0,60,85,PENDING,NEXT_7_DAYS,ENGINEERING,Friday,PENDING_REVIEW,True
REQ-00089,Engineering,NORMAL,Thursday,C01,C01-S01,C01-WA01,ST01,ST02,ENG-00001,Bridge,Track Maintenance,Track geometry deviation,3,79,LOW,0,1.0,68,72,PENDING,NEXT_7_DAYS,ENGINEERING,Monday,PENDING_REVIEW,True
REQ-00090,Engineering,URGENT,Thursday,C02,C02-S01,C02-WA01,ST02,ST03,ENG-00060,Rail,Sleeper Replacement,Ballast condition,3,69,HIGH,0,1.0,51,61,PENDING,NEXT_7_DAYS,ENGINEERING,Friday,PENDING_REVIEW,True
REQ-00091,Engineering,NORMAL,Friday,C03,C03-S01,C03-WA01,ST03,ST04,ENG-00051,Sleeper,Sleeper Replacement,Turnout defect,5,42,LOW,0,2.5,36,39,PENDING,NEXT_7_DAYS,ENGINEERING,Sunday,PENDING_REVIEW,True
REQ-00092,Engineering,NORMAL,Sunday,C04,C04-S02,C04-WA02,ST04,ST05,ENG-00167,Track,Bridge Inspection,Sleeper deterioration,1,45,NORMAL,0,4.0,40,100,PENDING,NEXT_7_DAYS,ENGINEERING,Friday,PENDING_REVIEW,True
REQ-00093,Engineering,NORMAL,Friday,C03,C03-S04,C03-WA04,ST03,ST04,ENG-00071,Turnout,Turnout Maintenance,Track geometry deviation,3,100,NORMAL,0,3.0,72,56,PENDING,NEXT_7_DAYS,ENGINEERING,Monday,PENDING_REVIEW,True
REQ-00094,Engineering,URGENT,Thursday,C03,C03-S01,C03-WA01,ST03,ST04,ENG-00111,Track,Rail Renewal,Sleeper deterioration,3,28,HIGH,5,1.0,10,26,PENDING,NEXT_7_DAYS,ENGINEERING,Thursday,PENDING_REVIEW,True
REQ-00095,Engineering,NORMAL,Friday,C04,C04-S03,C04-WA03,ST04,ST05,ENG-00060,Sleeper,Track Maintenance,Ballast condition,3,77,LOW,14,2.0,62,100,PENDING,NEXT_7_DAYS,ENGINEERING,Tuesday,PENDING_REVIEW,True
REQ-00096,Engineering,URGENT,Monday,C01,C01-S03,C01-WA03,ST01,ST02,ENG-00131,Rail,Bridge Inspection,Rail wear,5,37,HIGH,1,4.0,31,33,PENDING,NEXT_7_DAYS,ENGINEERING,Wednesday,PENDING_REVIEW,True
REQ-00097,Engineering,NORMAL,Monday,C02,C02-S04,C02-WA04,ST02,ST03,ENG-00083,Rail,Turnout Maintenance,Track geometry deviation,5,70,NORMAL,10,2.5,37,55,PENDING,NEXT_7_DAYS,ENGINEERING,Thursday,PENDING_REVIEW,True
REQ-00098,Engineering,NORMAL,Thursday,C02,C02-S01,C02-WA01,ST02,ST03,ENG-00167,Track,Sleeper Replacement,Ballast condition,3,27,LOW,2,3.0,25,34,PENDING,NEXT_7_DAYS,ENGINEERING,Tuesday,PENDING_REVIEW,True
REQ-00099,Engineering,NORMAL,Monday,C04,C04-S01,C04-WA01,ST04,ST05,ENG-00080,Turnout,Track Maintenance,Ballast condition,3,74,NORMAL,2,2.0,41,33,PENDING,NEXT_7_DAYS,ENGINEERING,Tuesday,PENDING_REVIEW,True
REQ-00100,Engineering,NORMAL,Sunday,C01,C01-S04,C01-WA04,ST01,ST02,ENG-00180,Rail,Bridge Inspection,Turnout defect,4,62,MEDIUM,0,4.0,61,61,PENDING,NEXT_7_DAYS,ENGINEERING,Wednesday,PENDING_REVIEW,True
REQ-00101,Engineering,NORMAL,Sunday,C02,C02-S04,C02-WA04,ST02,ST03,ENG-00082,Track,Turnout Maintenance,Turnout defect,3,40,NORMAL,3,3.5,14,28,PENDING,NEXT_7_DAYS,ENGINEERING,Monday,PENDING_REVIEW,True
REQ-00102,Engineering,NORMAL,Wednesday,C04,C04-S04,C04-WA04,ST04,ST05,ENG-00060,Rail,Track Maintenance,Track geometry deviation,3,67,NORMAL,0,2.5,62,77,PENDING,NEXT_7_DAYS,ENGINEERING,Monday,PENDING_REVIEW,True
REQ-00103,Engineering,URGENT,Friday,C01,C01-S04,C01-WA04,ST01,ST02,ENG-00041,Track,Bridge Inspection,Rail wear,3,62,HIGH,2,4.0,62,54,PENDING,NEXT_7_DAYS,ENGINEERING,Friday,PENDING_REVIEW,True
REQ-00104,Engineering,NORMAL,Monday,C01,C01-S03,C01-WA03,ST01,ST02,ENG-00097,Bridge,Turnout Maintenance,Sleeper deterioration,5,66,NORMAL,3,1.5,26,79,PENDING,NEXT_7_DAYS,ENGINEERING,Tuesday,PENDING_REVIEW,True
REQ-00105,Engineering,NORMAL,Friday,C03,C03-S03,C03-WA03,ST03,ST04,ENG-00071,Track,Track Inspection,Ballast condition,2,64,NORMAL,0,3.0,20,83,PENDING,NEXT_7_DAYS,ENGINEERING,Sunday,PENDING_REVIEW,True
REQ-00106,Engineering,URGENT,Saturday,C01,C01-S03,C01-WA03,ST01,ST02,ENG-00139,Track,Track Maintenance,Track geometry deviation,3,48,HIGH,0,2.5,56,100,PENDING,NEXT_7_DAYS,ENGINEERING,Sunday,PENDING_REVIEW,True
REQ-00107,Engineering,NORMAL,Tuesday,C02,C02-S02,C02-WA02,ST02,ST03,ENG-00109,Rail,Track Maintenance,Rail wear,3,49,MEDIUM,1,2.5,31,39,PENDING,NEXT_7_DAYS,ENGINEERING,Wednesday,PENDING_REVIEW,True
REQ-00108,Engineering,URGENT,Friday,C02,C02-S02,C02-WA02,ST02,ST03,ENG-00102,Bridge,Rail Renewal,Ballast condition,1,70,HIGH,5,4.0,55,55,PENDING,NEXT_7_DAYS,ENGINEERING,Saturday,PENDING_REVIEW,True
REQ-00109,Engineering,NORMAL,Thursday,C03,C03-S02,C03-WA02,ST03,ST04,ENG-00001,Sleeper,Sleeper Replacement,Track geometry deviation,4,39,NORMAL,2,1.5,10,17,PENDING,NEXT_7_DAYS,ENGINEERING,Saturday,PENDING_REVIEW,True
REQ-00110,Engineering,EMERGENCY,Friday,C02,C02-S01,C02-WA01,ST02,ST03,ENG-00092,Track,Turnout Maintenance,Joint/weld defect,2,31,IMMEDIATE,0,4.0,50,40,PENDING,NEXT_7_DAYS,ENGINEERING,Friday,PENDING_REVIEW,True
REQ-00111,Engineering,NORMAL,Monday,C03,C03-S04,C03-WA04,ST03,ST04,ENG-00006,Bridge,Turnout Maintenance,Ballast condition,4,91,NORMAL,2,1.5,61,100,PENDING,NEXT_7_DAYS,ENGINEERING,Saturday,PENDING_REVIEW,True
REQ-00112,Engineering,NORMAL,Wednesday,C04,C04-S01,C04-WA01,ST04,ST05,ENG-00166,Track,Track Inspection,Sleeper deterioration,3,75,MEDIUM,2,3.5,48,100,PENDING,NEXT_7_DAYS,ENGINEERING,Sunday,PENDING_REVIEW,True
REQ-00113,Engineering,NORMAL,Tuesday,C02,C02-S01,C02-WA01,ST02,ST03,ENG-00064,Turnout,Turnout Maintenance,Joint/weld defect,2,54,LOW,5,2.5,29,73,PENDING,NEXT_7_DAYS,ENGINEERING,Sunday,PENDING_REVIEW,True
REQ-00114,Engineering,NORMAL,Monday,C03,C03-S03,C03-WA03,ST03,ST04,ENG-00037,Rail,Bridge Inspection,Joint/weld defect,4,55,NORMAL,1,3.5,32,39,PENDING,NEXT_7_DAYS,ENGINEERING,Thursday,PENDING_REVIEW,True
REQ-00115,Engineering,NORMAL,Thursday,C02,C02-S03,C02-WA03,ST02,ST03,ENG-00030,Bridge,Turnout Maintenance,Sleeper deterioration,3,42,NORMAL,0,3.0,28,63,PENDING,NEXT_7_DAYS,ENGINEERING,Saturday,PENDING_REVIEW,True
REQ-00116,Engineering,NORMAL,Tuesday,C04,C04-S02,C04-WA02,ST04,ST05,ENG-00164,Rail,Track Inspection,Rail wear,4,55,MEDIUM,7,3.5,56,45,PENDING,NEXT_7_DAYS,ENGINEERING,Saturday,PENDING_REVIEW,True
REQ-00117,Engineering,NORMAL,Tuesday,C01,C01-S02,C01-WA02,ST01,ST02,ENG-00045,Track,Turnout Maintenance,Sleeper deterioration,4,91,MEDIUM,0,3.5,48,39,PENDING,NEXT_7_DAYS,ENGINEERING,Sunday,PENDING_REVIEW,True
REQ-00118,Engineering,NORMAL,Sunday,C01,C01-S02,C01-WA02,ST01,ST02,ENG-00114,Rail,Sleeper Replacement,Track geometry deviation,4,56,LOW,7,1.5,33,77,PENDING,NEXT_7_DAYS,ENGINEERING,Monday,PENDING_REVIEW,True
REQ-00119,Engineering,URGENT,Saturday,C02,C02-S03,C02-WA03,ST02,ST03,ENG-00041,Turnout,Track Maintenance,Track geometry deviation,3,51,HIGH,3,2.0,10,56,PENDING,NEXT_7_DAYS,ENGINEERING,Sunday,PENDING_REVIEW,True
REQ-00120,Engineering,NORMAL,Sunday,C04,C04-S04,C04-WA04,ST04,ST05,ENG-00002,Sleeper,Track Maintenance,Sleeper deterioration,4,80,NORMAL,5,2.0,84,49,PENDING,NEXT_7_DAYS,ENGINEERING,Monday,PENDING_REVIEW,True
REQ-00121,Engineering,NORMAL,Sunday,C04,C04-S01,C04-WA01,ST04,ST05,ENG-00088,Turnout,Turnout Maintenance,Ballast condition,3,64,NORMAL,0,4.0,47,25,PENDING,NEXT_7_DAYS,ENGINEERING,Friday,PENDING_REVIEW,True
REQ-00122,Engineering,NORMAL,Tuesday,C02,C02-S02,C02-WA02,ST02,ST03,ENG-00145,Sleeper,Bridge Inspection,Joint/weld defect,4,45,NORMAL,0,1.0,24,57,PENDING,NEXT_7_DAYS,ENGINEERING,Sunday,PENDING_REVIEW,True
REQ-00123,Engineering,NORMAL,Thursday,C02,C02-S03,C02-WA03,ST02,ST03,ENG-00056,Sleeper,Bridge Inspection,Rail wear,3,80,LOW,5,3.5,73,43,PENDING,NEXT_7_DAYS,ENGINEERING,Sunday,PENDING_REVIEW,True
REQ-00124,Engineering,NORMAL,Friday,C03,C03-S02,C03-WA02,ST03,ST04,ENG-00023,Sleeper,Turnout Maintenance,Rail wear,3,69,MEDIUM,0,1.5,45,67,PENDING,NEXT_7_DAYS,ENGINEERING,Saturday,PENDING_REVIEW,True
REQ-00125,Engineering,EMERGENCY,Sunday,C02,C02-S01,C02-WA01,ST02,ST03,ENG-00028,Sleeper,Track Inspection,Track geometry deviation,4,41,IMMEDIATE,0,3.0,10,56,PENDING,NEXT_7_DAYS,ENGINEERING,Sunday,PENDING_REVIEW,True
REQ-00126,Engineering,NORMAL,Sunday,C04,C04-S04,C04-WA04,ST04,ST05,ENG-00118,Track,Bridge Inspection,Track geometry deviation,2,67,MEDIUM,1,2.5,39,10,PENDING,NEXT_7_DAYS,ENGINEERING,Wednesday,PENDING_REVIEW,True
REQ-00127,Engineering,NORMAL,Tuesday,C04,C04-S01,C04-WA01,ST04,ST05,ENG-00022,Rail,Track Inspection,Track geometry deviation,4,45,MEDIUM,0,1.0,43,87,PENDING,NEXT_7_DAYS,ENGINEERING,Wednesday,PENDING_REVIEW,True
REQ-00128,Engineering,NORMAL,Wednesday,C02,C02-S03,C02-WA03,ST02,ST03,ENG-00153,Track,Track Inspection,Track geometry deviation,2,83,LOW,3,2.5,82,77,PENDING,NEXT_7_DAYS,ENGINEERING,Saturday,PENDING_REVIEW,True
REQ-00129,Engineering,URGENT,Wednesday,C03,C03-S01,C03-WA01,ST03,ST04,ENG-00011,Turnout,Track Maintenance,Sleeper deterioration,3,60,HIGH,10,1.0,46,68,PENDING,NEXT_7_DAYS,ENGINEERING,Thursday,PENDING_REVIEW,True
REQ-00130,Engineering,NORMAL,Saturday,C02,C02-S03,C02-WA03,ST02,ST03,ENG-00001,Bridge,Turnout Maintenance,Joint/weld defect,4,58,MEDIUM,0,3.5,89,16,PENDING,NEXT_7_DAYS,ENGINEERING,Wednesday,PENDING_REVIEW,True
REQ-00131,Engineering,NORMAL,Saturday,C02,C02-S02,C02-WA02,ST02,ST03,ENG-00156,Track,Track Inspection,Joint/weld defect,5,83,MEDIUM,2,3.5,48,40,PENDING,NEXT_7_DAYS,ENGINEERING,Thursday,PENDING_REVIEW,True
REQ-00132,Engineering,NORMAL,Thursday,C03,C03-S02,C03-WA02,ST03,ST04,ENG-00014,Turnout,Rail Renewal,Ballast condition,2,46,NORMAL,3,2.5,45,23,PENDING,NEXT_7_DAYS,ENGINEERING,Sunday,PENDING_REVIEW,True
REQ-00133,Engineering,NORMAL,Wednesday,C02,C02-S03,C02-WA03,ST02,ST03,ENG-00166,Rail,Sleeper Replacement,Ballast condition,3,47,NORMAL,1,1.5,18,65,PENDING,NEXT_7_DAYS,ENGINEERING,Thursday,PENDING_REVIEW,True
REQ-00134,Engineering,NORMAL,Wednesday,C04,C04-S04,C04-WA04,ST04,ST05,ENG-00067,Track,Rail Renewal,Sleeper deterioration,4,40,LOW,0,2.5,50,10,PENDING,NEXT_7_DAYS,ENGINEERING,Thursday,PENDING_REVIEW,True
REQ-00135,Engineering,NORMAL,Monday,C02,C02-S01,C02-WA01,ST02,ST03,ENG-00160,Bridge,Rail Renewal,Rail wear,5,55,LOW,0,2.0,45,54,PENDING,NEXT_7_DAYS,ENGINEERING,Wednesday,PENDING_REVIEW,True
REQ-00136,Engineering,NORMAL,Monday,C04,C04-S02,C04-WA02,ST04,ST05,ENG-00134,Rail,Track Maintenance,Ballast condition,2,65,NORMAL,0,2.0,31,65,PENDING,NEXT_7_DAYS,ENGINEERING,Friday,PENDING_REVIEW,True
REQ-00137,Engineering,URGENT,Tuesday,C01,C01-S01,C01-WA01,ST01,ST02,ENG-00096,Track,Track Inspection,Sleeper deterioration,2,21,HIGH,1,1.0,21,42,PENDING,NEXT_7_DAYS,ENGINEERING,Tuesday,PENDING_REVIEW,True
REQ-00138,Engineering,NORMAL,Thursday,C04,C04-S04,C04-WA04,ST04,ST05,ENG-00014,Bridge,Track Maintenance,Ballast condition,2,92,LOW,0,3.5,47,91,PENDING,NEXT_7_DAYS,ENGINEERING,Saturday,PENDING_REVIEW,True
REQ-00139,Engineering,NORMAL,Monday,C04,C04-S04,C04-WA04,ST04,ST05,ENG-00179,Rail,Bridge Inspection,Turnout defect,4,50,NORMAL,2,4.0,62,51,PENDING,NEXT_7_DAYS,ENGINEERING,Saturday,PENDING_REVIEW,True
REQ-00140,Engineering,NORMAL,Saturday,C04,C04-S01,C04-WA01,ST04,ST05,ENG-00005,Sleeper,Track Inspection,Ballast condition,4,36,MEDIUM,1,3.0,24,92,PENDING,NEXT_7_DAYS,ENGINEERING,Sunday,PENDING_REVIEW,True
REQ-00141,S&T,EMERGENCY,Thursday,C02,C02-S01,C02-WA01,ST02,ST03,S&T-00257,Track Circuit,Point Machine Maintenance,Point machine abnormality,2,27,IMMEDIATE,0,1.5,10,51,PENDING,NEXT_7_DAYS,SIGNAL_TELECOM,Thursday,PENDING_REVIEW,True
REQ-00142,S&T,NORMAL,Sunday,C04,C04-S01,C04-WA01,ST04,ST05,S&T-00232,Telecom,Axle Counter Inspection,Point machine abnormality,3,52,NORMAL,7,2.5,28,51,PENDING,NEXT_7_DAYS,SIGNAL_TELECOM,Friday,PENDING_REVIEW,True
REQ-00143,S&T,NORMAL,Monday,C03,C03-S03,C03-WA03,ST03,ST04,S&T-00210,Axle Counter,Signal Inspection,Signal aspect fault,2,74,NORMAL,0,2.5,67,31,PENDING,NEXT_7_DAYS,SIGNAL_TELECOM,Wednesday,PENDING_REVIEW,True
REQ-00144,S&T,URGENT,Tuesday,C04,C04-S04,C04-WA04,ST04,ST05,S&T-00215,Track Circuit,Telecom Maintenance,Point machine abnormality,4,80,HIGH,0,0.5,59,78,PENDING,NEXT_7_DAYS,SIGNAL_TELECOM,Thursday,PENDING_REVIEW,True
REQ-00145,S&T,NORMAL,Friday,C02,C02-S02,C02-WA02,ST02,ST03,S&T-00243,Axle Counter,Telecom Maintenance,Axle counter indication fault,3,24,MEDIUM,1,3.0,10,51,PENDING,NEXT_7_DAYS,SIGNAL_TELECOM,Monday,PENDING_REVIEW,True
REQ-00146,S&T,NORMAL,Thursday,C01,C01-S04,C01-WA04,ST01,ST02,S&T-00257,Telecom,Axle Counter Inspection,Point machine abnormality,5,45,NORMAL,5,1.0,10,66,PENDING,NEXT_7_DAYS,SIGNAL_TELECOM,Sunday,PENDING_REVIEW,True
REQ-00147,S&T,NORMAL,Saturday,C03,C03-S04,C03-WA04,ST03,ST04,S&T-00252,Telecom,Point Machine Maintenance,Point machine abnormality,3,59,NORMAL,1,0.5,43,47,PENDING,NEXT_7_DAYS,SIGNAL_TELECOM,Monday,PENDING_REVIEW,True
REQ-00148,S&T,NORMAL,Sunday,C04,C04-S01,C04-WA01,ST04,ST05,S&T-00186,Track Circuit,Point Machine Maintenance,Track circuit intermittent fault,2,34,LOW,2,3.0,10,49,PENDING,NEXT_7_DAYS,SIGNAL_TELECOM,Thursday,PENDING_REVIEW,True
REQ-00149,S&T,NORMAL,Friday,C03,C03-S04,C03-WA04,ST03,ST04,S&T-00315,Signal,Point Machine Maintenance,Signal aspect fault,1,63,LOW,5,1.0,44,69,PENDING,NEXT_7_DAYS,SIGNAL_TELECOM,Monday,PENDING_REVIEW,True
REQ-00150,S&T,NORMAL,Saturday,C02,C02-S01,C02-WA01,ST02,ST03,S&T-00265,Point Machine,Point Machine Maintenance,Track circuit intermittent fault,3,90,NORMAL,0,1.5,72,59,PENDING,NEXT_7_DAYS,SIGNAL_TELECOM,Sunday,PENDING_REVIEW,True
REQ-00151,S&T,NORMAL,Monday,C03,C03-S01,C03-WA01,ST03,ST04,S&T-00275,Axle Counter,Telecom Maintenance,Signal aspect fault,4,56,NORMAL,2,2.5,27,39,PENDING,NEXT_7_DAYS,SIGNAL_TELECOM,Friday,PENDING_REVIEW,True
REQ-00152,S&T,EMERGENCY,Monday,C01,C01-S04,C01-WA04,ST01,ST02,S&T-00227,Track Circuit,Signal Maintenance,Point machine abnormality,2,39,IMMEDIATE,5,2.0,29,21,PENDING,NEXT_7_DAYS,SIGNAL_TELECOM,Monday,PENDING_REVIEW,True
REQ-00153,S&T,NORMAL,Tuesday,C02,C02-S02,C02-WA02,ST02,ST03,S&T-00258,Axle Counter,Axle Counter Inspection,Track circuit intermittent fault,5,37,NORMAL,2,2.5,10,31,PENDING,NEXT_7_DAYS,SIGNAL_TELECOM,Friday,PENDING_REVIEW,True
REQ-00154,S&T,NORMAL,Tuesday,C03,C03-S03,C03-WA03,ST03,ST04,S&T-00284,Signal,Signal Maintenance,Communication equipment fault,5,35,NORMAL,1,3.0,10,10,PENDING,NEXT_7_DAYS,SIGNAL_TELECOM,Wednesday,PENDING_REVIEW,True
REQ-00155,S&T,NORMAL,Wednesday,C02,C02-S04,C02-WA04,ST02,ST03,S&T-00263,Point Machine,Point Machine Maintenance,Communication equipment fault,3,46,NORMAL,0,0.5,26,61,PENDING,NEXT_7_DAYS,SIGNAL_TELECOM,Sunday,PENDING_REVIEW,True
REQ-00156,S&T,NORMAL,Sunday,C03,C03-S02,C03-WA02,ST03,ST04,S&T-00283,Signal,Signal Maintenance,Track circuit intermittent fault,2,59,MEDIUM,2,2.5,56,22,PENDING,NEXT_7_DAYS,SIGNAL_TELECOM,Tuesday,PENDING_REVIEW,True
REQ-00157,S&T,URGENT,Friday,C03,C03-S03,C03-WA03,ST03,ST04,S&T-00181,Track Circuit,Signal Maintenance,Axle counter indication fault,5,56,HIGH,0,2.5,32,58,PENDING,NEXT_7_DAYS,SIGNAL_TELECOM,Sunday,PENDING_REVIEW,True
REQ-00158,S&T,NORMAL,Saturday,C04,C04-S02,C04-WA02,ST04,ST05,S&T-00291,Point Machine,Signal Maintenance,Point machine abnormality,4,44,MEDIUM,10,0.5,58,72,PENDING,NEXT_7_DAYS,SIGNAL_TELECOM,Monday,PENDING_REVIEW,True
REQ-00159,S&T,NORMAL,Wednesday,C03,C03-S03,C03-WA03,ST03,ST04,S&T-00241,Track Circuit,Signal Inspection,Point machine abnormality,5,49,NORMAL,5,3.0,30,53,PENDING,NEXT_7_DAYS,SIGNAL_TELECOM,Friday,PENDING_REVIEW,True
REQ-00160,S&T,NORMAL,Tuesday,C03,C03-S03,C03-WA03,ST03,ST04,S&T-00182,Axle Counter,Point Machine Maintenance,Track circuit intermittent fault,3,70,NORMAL,1,1.5,44,70,PENDING,NEXT_7_DAYS,SIGNAL_TELECOM,Thursday,PENDING_REVIEW,True
REQ-00161,S&T,URGENT,Tuesday,C02,C02-S01,C02-WA01,ST02,ST03,S&T-00354,Telecom,Telecom Maintenance,Track circuit intermittent fault,2,61,HIGH,2,2.0,68,30,PENDING,NEXT_7_DAYS,SIGNAL_TELECOM,Thursday,PENDING_REVIEW,True
REQ-00162,S&T,NORMAL,Wednesday,C01,C01-S01,C01-WA01,ST01,ST02,S&T-00207,Point Machine,Axle Counter Inspection,Axle counter indication fault,3,42,NORMAL,5,2.5,14,17,PENDING,NEXT_7_DAYS,SIGNAL_TELECOM,Thursday,PENDING_REVIEW,True
REQ-00163,S&T,NORMAL,Wednesday,C04,C04-S01,C04-WA01,ST04,ST05,S&T-00184,Axle Counter,Point Machine Maintenance,Point machine abnormality,5,69,NORMAL,2,3.0,66,51,PENDING,NEXT_7_DAYS,SIGNAL_TELECOM,Sunday,PENDING_REVIEW,True
REQ-00164,S&T,NORMAL,Monday,C01,C01-S04,C01-WA04,ST01,ST02,S&T-00347,Point Machine,Point Machine Maintenance,Communication equipment fault,2,69,NORMAL,7,0.5,56,55,PENDING,NEXT_7_DAYS,SIGNAL_TELECOM,Thursday,PENDING_REVIEW,True
REQ-00165,S&T,NORMAL,Thursday,C03,C03-S01,C03-WA01,ST03,ST04,S&T-00358,Signal,Track Circuit Testing,Communication equipment fault,3,73,LOW,5,2.5,39,40,PENDING,NEXT_7_DAYS,SIGNAL_TELECOM,Saturday,PENDING_REVIEW,True
REQ-00166,S&T,NORMAL,Friday,C03,C03-S03,C03-WA03,ST03,ST04,S&T-00226,Signal,Signal Inspection,Point machine abnormality,1,53,NORMAL,2,2.0,88,40,PENDING,NEXT_7_DAYS,SIGNAL_TELECOM,Tuesday,PENDING_REVIEW,True
REQ-00167,S&T,EMERGENCY,Sunday,C02,C02-S03,C02-WA03,ST02,ST03,S&T-00305,Point Machine,Track Circuit Testing,Axle counter indication fault,4,41,IMMEDIATE,1,3.0,46,31,PENDING,NEXT_7_DAYS,SIGNAL_TELECOM,Sunday,PENDING_REVIEW,True
REQ-00168,S&T,EMERGENCY,Thursday,C04,C04-S02,C04-WA02,ST04,ST05,S&T-00261,Track Circuit,Signal Maintenance,Point machine abnormality,4,38,IMMEDIATE,0,2.0,10,85,PENDING,NEXT_7_DAYS,SIGNAL_TELECOM,Thursday,PENDING_REVIEW,True
REQ-00169,S&T,NORMAL,Sunday,C04,C04-S03,C04-WA03,ST04,ST05,S&T-00287,Axle Counter,Axle Counter Inspection,Communication equipment fault,5,17,LOW,7,1.0,10,16,PENDING,NEXT_7_DAYS,SIGNAL_TELECOM,Tuesday,PENDING_REVIEW,True
REQ-00170,S&T,URGENT,Saturday,C04,C04-S03,C04-WA03,ST04,ST05,S&T-00207,Telecom,Point Machine Maintenance,Point machine abnormality,4,65,HIGH,1,3.0,52,85,PENDING,NEXT_7_DAYS,SIGNAL_TELECOM,Sunday,PENDING_REVIEW,True
REQ-00171,S&T,NORMAL,Wednesday,C02,C02-S03,C02-WA03,ST02,ST03,S&T-00256,Point Machine,Point Machine Maintenance,Point machine abnormality,3,77,NORMAL,2,0.5,55,79,PENDING,NEXT_7_DAYS,SIGNAL_TELECOM,Friday,PENDING_REVIEW,True
REQ-00172,S&T,NORMAL,Wednesday,C01,C01-S01,C01-WA01,ST01,ST02,S&T-00352,Track Circuit,Signal Maintenance,Track circuit intermittent fault,2,64,LOW,1,3.0,57,25,PENDING,NEXT_7_DAYS,SIGNAL_TELECOM,Saturday,PENDING_REVIEW,True
REQ-00173,S&T,URGENT,Tuesday,C04,C04-S01,C04-WA01,ST04,ST05,S&T-00283,Point Machine,Point Machine Maintenance,Track circuit intermittent fault,2,65,HIGH,0,0.5,31,75,PENDING,NEXT_7_DAYS,SIGNAL_TELECOM,Wednesday,PENDING_REVIEW,True
REQ-00174,S&T,NORMAL,Monday,C01,C01-S01,C01-WA01,ST01,ST02,S&T-00186,Track Circuit,Telecom Maintenance,Communication equipment fault,4,56,NORMAL,1,2.5,34,51,PENDING,NEXT_7_DAYS,SIGNAL_TELECOM,Saturday,PENDING_REVIEW,True
REQ-00175,S&T,NORMAL,Wednesday,C03,C03-S04,C03-WA04,ST03,ST04,S&T-00220,Axle Counter,Track Circuit Testing,Axle counter indication fault,1,56,NORMAL,0,1.5,38,58,PENDING,NEXT_7_DAYS,SIGNAL_TELECOM,Friday,PENDING_REVIEW,True
REQ-00176,S&T,NORMAL,Thursday,C01,C01-S01,C01-WA01,ST01,ST02,S&T-00324,Track Circuit,Telecom Maintenance,Axle counter indication fault,3,68,MEDIUM,0,1.5,53,88,PENDING,NEXT_7_DAYS,SIGNAL_TELECOM,Tuesday,PENDING_REVIEW,True
REQ-00177,S&T,NORMAL,Sunday,C01,C01-S01,C01-WA01,ST01,ST02,S&T-00352,Signal,Point Machine Maintenance,Track circuit intermittent fault,2,48,MEDIUM,7,3.0,20,67,PENDING,NEXT_7_DAYS,SIGNAL_TELECOM,Friday,PENDING_REVIEW,True
REQ-00178,S&T,NORMAL,Thursday,C03,C03-S03,C03-WA03,ST03,ST04,S&T-00205,Telecom,Track Circuit Testing,Signal aspect fault,1,55,MEDIUM,0,1.0,31,63,PENDING,NEXT_7_DAYS,SIGNAL_TELECOM,Friday,PENDING_REVIEW,True
REQ-00179,S&T,NORMAL,Thursday,C03,C03-S03,C03-WA03,ST03,ST04,S&T-00283,Point Machine,Signal Inspection,Point machine abnormality,4,69,MEDIUM,0,1.0,28,66,PENDING,NEXT_7_DAYS,SIGNAL_TELECOM,Friday,PENDING_REVIEW,True
REQ-00180,S&T,NORMAL,Friday,C03,C03-S04,C03-WA04,ST03,ST04,S&T-00187,Point Machine,Track Circuit Testing,Track circuit intermittent fault,4,65,NORMAL,0,2.5,34,63,PENDING,NEXT_7_DAYS,SIGNAL_TELECOM,Saturday,PENDING_REVIEW,True
REQ-00181,S&T,NORMAL,Friday,C03,C03-S03,C03-WA03,ST03,ST04,S&T-00190,Point Machine,Track Circuit Testing,Communication equipment fault,4,72,NORMAL,3,1.5,52,56,PENDING,NEXT_7_DAYS,SIGNAL_TELECOM,Sunday,PENDING_REVIEW,True
REQ-00182,S&T,NORMAL,Friday,C02,C02-S02,C02-WA02,ST02,ST03,S&T-00222,Axle Counter,Signal Inspection,Point machine abnormality,1,29,MEDIUM,10,0.5,45,40,PENDING,NEXT_7_DAYS,SIGNAL_TELECOM,Monday,PENDING_REVIEW,True
REQ-00183,S&T,NORMAL,Saturday,C04,C04-S03,C04-WA03,ST04,ST05,S&T-00327,Track Circuit,Point Machine Maintenance,Axle counter indication fault,3,54,NORMAL,0,2.0,46,67,PENDING,NEXT_7_DAYS,SIGNAL_TELECOM,Sunday,PENDING_REVIEW,True
REQ-00184,S&T,NORMAL,Wednesday,C04,C04-S01,C04-WA01,ST04,ST05,S&T-00200,Point Machine,Track Circuit Testing,Signal aspect fault,4,78,NORMAL,7,1.5,20,10,PENDING,NEXT_7_DAYS,SIGNAL_TELECOM,Thursday,PENDING_REVIEW,True
REQ-00185,S&T,NORMAL,Saturday,C03,C03-S02,C03-WA02,ST03,ST04,S&T-00207,Axle Counter,Axle Counter Inspection,Track circuit intermittent fault,1,55,MEDIUM,3,0.5,87,46,PENDING,NEXT_7_DAYS,SIGNAL_TELECOM,Monday,PENDING_REVIEW,True
REQ-00186,S&T,URGENT,Sunday,C04,C04-S01,C04-WA01,ST04,ST05,S&T-00275,Track Circuit,Signal Inspection,Axle counter indication fault,4,63,HIGH,1,1.5,59,19,PENDING,NEXT_7_DAYS,SIGNAL_TELECOM,Sunday,PENDING_REVIEW,True
REQ-00187,S&T,NORMAL,Saturday,C04,C04-S02,C04-WA02,ST04,ST05,S&T-00302,Telecom,Axle Counter Inspection,Axle counter indication fault,3,91,NORMAL,0,1.0,89,70,PENDING,NEXT_7_DAYS,SIGNAL_TELECOM,Wednesday,PENDING_REVIEW,True
REQ-00188,S&T,NORMAL,Saturday,C04,C04-S03,C04-WA03,ST04,ST05,S&T-00301,Telecom,Axle Counter Inspection,Axle counter indication fault,2,48,NORMAL,0,0.5,25,10,PENDING,NEXT_7_DAYS,SIGNAL_TELECOM,Sunday,PENDING_REVIEW,True
REQ-00189,S&T,URGENT,Tuesday,C03,C03-S02,C03-WA02,ST03,ST04,S&T-00185,Point Machine,Telecom Maintenance,Signal aspect fault,4,62,HIGH,0,1.0,16,40,PENDING,NEXT_7_DAYS,SIGNAL_TELECOM,Wednesday,PENDING_REVIEW,True
REQ-00190,S&T,NORMAL,Monday,C01,C01-S01,C01-WA01,ST01,ST02,S&T-00287,Signal,Signal Inspection,Track circuit intermittent fault,3,76,MEDIUM,10,1.5,40,67,PENDING,NEXT_7_DAYS,SIGNAL_TELECOM,Saturday,PENDING_REVIEW,True
REQ-00191,S&T,NORMAL,Monday,C04,C04-S02,C04-WA02,ST04,ST05,S&T-00238,Axle Counter,Signal Inspection,Signal aspect fault,3,48,LOW,0,3.0,33,10,PENDING,NEXT_7_DAYS,SIGNAL_TELECOM,Friday,PENDING_REVIEW,True
REQ-00192,S&T,NORMAL,Tuesday,C03,C03-S03,C03-WA03,ST03,ST04,S&T-00310,Telecom,Signal Inspection,Point machine abnormality,2,13,MEDIUM,0,2.5,10,43,PENDING,NEXT_7_DAYS,SIGNAL_TELECOM,Thursday,PENDING_REVIEW,True
REQ-00193,S&T,NORMAL,Friday,C04,C04-S04,C04-WA04,ST04,ST05,S&T-00341,Track Circuit,Telecom Maintenance,Signal aspect fault,3,65,NORMAL,0,0.5,26,71,PENDING,NEXT_7_DAYS,SIGNAL_TELECOM,Monday,PENDING_REVIEW,True
REQ-00194,S&T,EMERGENCY,Thursday,C02,C02-S04,C02-WA04,ST02,ST03,S&T-00265,Point Machine,Signal Inspection,Axle counter indication fault,3,50,IMMEDIATE,0,3.0,34,37,PENDING,NEXT_7_DAYS,SIGNAL_TELECOM,Thursday,PENDING_REVIEW,True
REQ-00195,S&T,NORMAL,Sunday,C04,C04-S04,C04-WA04,ST04,ST05,S&T-00199,Signal,Point Machine Maintenance,Axle counter indication fault,3,67,NORMAL,0,3.0,33,66,PENDING,NEXT_7_DAYS,SIGNAL_TELECOM,Monday,PENDING_REVIEW,True
REQ-00196,S&T,NORMAL,Saturday,C04,C04-S02,C04-WA02,ST04,ST05,S&T-00304,Signal,Track Circuit Testing,Point machine abnormality,3,34,NORMAL,0,2.5,19,57,PENDING,NEXT_7_DAYS,SIGNAL_TELECOM,Tuesday,PENDING_REVIEW,True
REQ-00197,S&T,URGENT,Saturday,C02,C02-S02,C02-WA02,ST02,ST03,S&T-00284,Axle Counter,Telecom Maintenance,Axle counter indication fault,4,62,HIGH,1,2.0,10,67,PENDING,NEXT_7_DAYS,SIGNAL_TELECOM,Sunday,PENDING_REVIEW,True
REQ-00198,S&T,NORMAL,Friday,C02,C02-S03,C02-WA03,ST02,ST03,S&T-00312,Point Machine,Telecom Maintenance,Point machine abnormality,3,54,LOW,1,1.0,67,84,PENDING,NEXT_7_DAYS,SIGNAL_TELECOM,Sunday,PENDING_REVIEW,True
REQ-00199,S&T,EMERGENCY,Saturday,C01,C01-S04,C01-WA04,ST01,ST02,S&T-00233,Axle Counter,Point Machine Maintenance,Point machine abnormality,4,50,IMMEDIATE,1,3.0,37,66,PENDING,NEXT_7_DAYS,SIGNAL_TELECOM,Saturday,PENDING_REVIEW,True
REQ-00200,S&T,NORMAL,Monday,C01,C01-S02,C01-WA02,ST01,ST02,S&T-00197,Axle Counter,Signal Inspection,Communication equipment fault,1,48,NORMAL,3,1.5,55,10,PENDING,NEXT_7_DAYS,SIGNAL_TELECOM,Wednesday,PENDING_REVIEW,True
REQ-00201,S&T,URGENT,Friday,C01,C01-S03,C01-WA03,ST01,ST02,S&T-00191,Telecom,Axle Counter Inspection,Axle counter indication fault,3,53,HIGH,0,1.5,59,47,PENDING,NEXT_7_DAYS,SIGNAL_TELECOM,Sunday,PENDING_REVIEW,True
REQ-00202,S&T,NORMAL,Friday,C02,C02-S04,C02-WA04,ST02,ST03,S&T-00345,Track Circuit,Signal Inspection,Point machine abnormality,3,40,MEDIUM,1,1.0,61,62,PENDING,NEXT_7_DAYS,SIGNAL_TELECOM,Sunday,PENDING_REVIEW,True
REQ-00203,S&T,NORMAL,Monday,C04,C04-S04,C04-WA04,ST04,ST05,S&T-00356,Point Machine,Axle Counter Inspection,Communication equipment fault,3,11,LOW,0,2.5,10,62,PENDING,NEXT_7_DAYS,SIGNAL_TELECOM,Tuesday,PENDING_REVIEW,True
REQ-00204,S&T,NORMAL,Thursday,C02,C02-S04,C02-WA04,ST02,ST03,S&T-00352,Telecom,Axle Counter Inspection,Communication equipment fault,3,27,NORMAL,14,0.5,10,65,PENDING,NEXT_7_DAYS,SIGNAL_TELECOM,Monday,PENDING_REVIEW,True
REQ-00205,S&T,EMERGENCY,Thursday,C03,C03-S01,C03-WA01,ST03,ST04,S&T-00296,Telecom,Signal Inspection,Communication equipment fault,2,49,IMMEDIATE,3,1.5,63,80,PENDING,NEXT_7_DAYS,SIGNAL_TELECOM,Thursday,PENDING_REVIEW,True
REQ-00206,S&T,NORMAL,Tuesday,C02,C02-S04,C02-WA04,ST02,ST03,S&T-00232,Axle Counter,Axle Counter Inspection,Track circuit intermittent fault,2,87,NORMAL,1,2.5,34,93,PENDING,NEXT_7_DAYS,SIGNAL_TELECOM,Thursday,PENDING_REVIEW,True
REQ-00207,S&T,NORMAL,Tuesday,C04,C04-S01,C04-WA01,ST04,ST05,S&T-00278,Track Circuit,Track Circuit Testing,Track circuit intermittent fault,3,84,MEDIUM,0,2.5,75,99,PENDING,NEXT_7_DAYS,SIGNAL_TELECOM,Wednesday,PENDING_REVIEW,True
REQ-00208,S&T,NORMAL,Monday,C02,C02-S01,C02-WA01,ST02,ST03,S&T-00312,Axle Counter,Telecom Maintenance,Point machine abnormality,3,62,MEDIUM,0,3.0,20,21,PENDING,NEXT_7_DAYS,SIGNAL_TELECOM,Thursday,PENDING_REVIEW,True
REQ-00209,S&T,NORMAL,Saturday,C03,C03-S01,C03-WA01,ST03,ST04,S&T-00332,Axle Counter,Signal Inspection,Communication equipment fault,2,72,NORMAL,0,1.5,60,24,PENDING,NEXT_7_DAYS,SIGNAL_TELECOM,Wednesday,PENDING_REVIEW,True
REQ-00210,S&T,NORMAL,Monday,C04,C04-S03,C04-WA03,ST04,ST05,S&T-00256,Signal,Signal Inspection,Axle counter indication fault,1,58,LOW,0,1.0,17,54,PENDING,NEXT_7_DAYS,SIGNAL_TELECOM,Wednesday,PENDING_REVIEW,True
REQ-00211,S&T,NORMAL,Thursday,C01,C01-S01,C01-WA01,ST01,ST02,S&T-00197,Signal,Track Circuit Testing,Track circuit intermittent fault,2,10,NORMAL,3,1.5,10,37,PENDING,NEXT_7_DAYS,SIGNAL_TELECOM,Monday,PENDING_REVIEW,True
REQ-00212,S&T,NORMAL,Wednesday,C02,C02-S04,C02-WA04,ST02,ST03,S&T-00268,Point Machine,Track Circuit Testing,Axle counter indication fault,4,40,MEDIUM,1,1.5,58,91,PENDING,NEXT_7_DAYS,SIGNAL_TELECOM,Sunday,PENDING_REVIEW,True
REQ-00213,S&T,NORMAL,Tuesday,C02,C02-S01,C02-WA01,ST02,ST03,S&T-00351,Point Machine,Signal Inspection,Track circuit intermittent fault,4,38,LOW,5,2.5,28,55,PENDING,NEXT_7_DAYS,SIGNAL_TELECOM,Sunday,PENDING_REVIEW,True
REQ-00214,S&T,NORMAL,Friday,C01,C01-S04,C01-WA04,ST01,ST02,S&T-00213,Axle Counter,Axle Counter Inspection,Signal aspect fault,2,86,NORMAL,0,2.5,53,56,PENDING,NEXT_7_DAYS,SIGNAL_TELECOM,Saturday,PENDING_REVIEW,True
REQ-00215,S&T,NORMAL,Saturday,C03,C03-S03,C03-WA03,ST03,ST04,S&T-00328,Track Circuit,Signal Maintenance,Track circuit intermittent fault,1,59,LOW,0,2.0,79,47,PENDING,NEXT_7_DAYS,SIGNAL_TELECOM,Monday,PENDING_REVIEW,True
REQ-00216,S&T,NORMAL,Tuesday,C03,C03-S02,C03-WA02,ST03,ST04,S&T-00340,Telecom,Telecom Maintenance,Track circuit intermittent fault,2,45,NORMAL,0,2.5,33,55,PENDING,NEXT_7_DAYS,SIGNAL_TELECOM,Wednesday,PENDING_REVIEW,True
REQ-00217,S&T,NORMAL,Saturday,C02,C02-S01,C02-WA01,ST02,ST03,S&T-00206,Telecom,Axle Counter Inspection,Track circuit intermittent fault,4,68,LOW,5,1.5,84,74,PENDING,NEXT_7_DAYS,SIGNAL_TELECOM,Tuesday,PENDING_REVIEW,True
REQ-00218,S&T,NORMAL,Sunday,C02,C02-S04,C02-WA04,ST02,ST03,S&T-00319,Signal,Axle Counter Inspection,Signal aspect fault,4,61,NORMAL,1,1.0,32,75,PENDING,NEXT_7_DAYS,SIGNAL_TELECOM,Thursday,PENDING_REVIEW,True
REQ-00219,S&T,NORMAL,Wednesday,C01,C01-S01,C01-WA01,ST01,ST02,S&T-00227,Signal,Axle Counter Inspection,Track circuit intermittent fault,2,35,NORMAL,1,0.5,43,53,PENDING,NEXT_7_DAYS,SIGNAL_TELECOM,Friday,PENDING_REVIEW,True
REQ-00220,S&T,NORMAL,Monday,C03,C03-S04,C03-WA04,ST03,ST04,S&T-00356,Track Circuit,Point Machine Maintenance,Axle counter indication fault,2,22,MEDIUM,5,2.5,14,59,PENDING,NEXT_7_DAYS,SIGNAL_TELECOM,Tuesday,PENDING_REVIEW,True
REQ-00221,S&T,NORMAL,Tuesday,C03,C03-S04,C03-WA04,ST03,ST04,S&T-00204,Signal,Signal Inspection,Point machine abnormality,4,46,LOW,5,2.5,10,60,PENDING,NEXT_7_DAYS,SIGNAL_TELECOM,Thursday,PENDING_REVIEW,True
REQ-00222,S&T,NORMAL,Wednesday,C02,C02-S01,C02-WA01,ST02,ST03,S&T-00196,Telecom,Point Machine Maintenance,Track circuit intermittent fault,3,89,NORMAL,14,2.0,96,51,PENDING,NEXT_7_DAYS,SIGNAL_TELECOM,Monday,PENDING_REVIEW,True
REQ-00223,S&T,URGENT,Wednesday,C04,C04-S03,C04-WA03,ST04,ST05,S&T-00291,Signal,Track Circuit Testing,Track circuit intermittent fault,1,20,HIGH,0,0.5,10,26,PENDING,NEXT_7_DAYS,SIGNAL_TELECOM,Wednesday,PENDING_REVIEW,True
REQ-00224,S&T,EMERGENCY,Thursday,C04,C04-S02,C04-WA02,ST04,ST05,S&T-00242,Signal,Signal Maintenance,Signal aspect fault,3,48,IMMEDIATE,0,3.0,10,71,PENDING,NEXT_7_DAYS,SIGNAL_TELECOM,Thursday,PENDING_REVIEW,True
REQ-00225,S&T,NORMAL,Wednesday,C01,C01-S02,C01-WA02,ST01,ST02,S&T-00335,Track Circuit,Track Circuit Testing,Communication equipment fault,4,26,NORMAL,0,1.5,30,82,PENDING,NEXT_7_DAYS,SIGNAL_TELECOM,Saturday,PENDING_REVIEW,True
REQ-00226,S&T,NORMAL,Monday,C01,C01-S04,C01-WA04,ST01,ST02,S&T-00306,Axle Counter,Telecom Maintenance,Point machine abnormality,2,54,NORMAL,0,0.5,16,57,PENDING,NEXT_7_DAYS,SIGNAL_TELECOM,Friday,PENDING_REVIEW,True
REQ-00227,S&T,NORMAL,Tuesday,C03,C03-S03,C03-WA03,ST03,ST04,S&T-00183,Signal,Point Machine Maintenance,Communication equipment fault,3,31,NORMAL,1,3.0,28,60,PENDING,NEXT_7_DAYS,SIGNAL_TELECOM,Sunday,PENDING_REVIEW,True
REQ-00228,S&T,EMERGENCY,Wednesday,C02,C02-S03,C02-WA03,ST02,ST03,S&T-00223,Track Circuit,Point Machine Maintenance,Axle counter indication fault,1,45,IMMEDIATE,3,3.0,40,10,PENDING,NEXT_7_DAYS,SIGNAL_TELECOM,Wednesday,PENDING_REVIEW,True
REQ-00229,S&T,NORMAL,Sunday,C03,C03-S04,C03-WA04,ST03,ST04,S&T-00203,Point Machine,Signal Inspection,Track circuit intermittent fault,2,64,NORMAL,0,0.5,51,24,PENDING,NEXT_7_DAYS,SIGNAL_TELECOM,Monday,PENDING_REVIEW,True
REQ-00230,S&T,NORMAL,Monday,C02,C02-S04,C02-WA04,ST02,ST03,S&T-00348,Signal,Signal Maintenance,Signal aspect fault,3,31,NORMAL,7,1.0,30,48,PENDING,NEXT_7_DAYS,SIGNAL_TELECOM,Tuesday,PENDING_REVIEW,True
REQ-00231,S&T,NORMAL,Monday,C01,C01-S04,C01-WA04,ST01,ST02,S&T-00246,Signal,Signal Maintenance,Signal aspect fault,2,52,LOW,0,1.0,39,54,PENDING,NEXT_7_DAYS,SIGNAL_TELECOM,Friday,PENDING_REVIEW,True
REQ-00232,S&T,NORMAL,Sunday,C02,C02-S03,C02-WA03,ST02,ST03,S&T-00276,Axle Counter,Signal Inspection,Point machine abnormality,2,54,NORMAL,0,2.0,50,53,PENDING,NEXT_7_DAYS,SIGNAL_TELECOM,Monday,PENDING_REVIEW,True
REQ-00233,S&T,NORMAL,Wednesday,C02,C02-S02,C02-WA02,ST02,ST03,S&T-00358,Point Machine,Signal Inspection,Axle counter indication fault,3,91,LOW,0,2.0,55,59,PENDING,NEXT_7_DAYS,SIGNAL_TELECOM,Sunday,PENDING_REVIEW,True
REQ-00234,S&T,NORMAL,Friday,C02,C02-S03,C02-WA03,ST02,ST03,S&T-00248,Track Circuit,Signal Maintenance,Signal aspect fault,4,13,LOW,5,1.0,10,47,PENDING,NEXT_7_DAYS,SIGNAL_TELECOM,Wednesday,PENDING_REVIEW,True
REQ-00235,S&T,NORMAL,Thursday,C04,C04-S02,C04-WA02,ST04,ST05,S&T-00289,Point Machine,Signal Inspection,Communication equipment fault,2,71,MEDIUM,0,1.5,65,86,PENDING,NEXT_7_DAYS,SIGNAL_TELECOM,Friday,PENDING_REVIEW,True
REQ-00236,S&T,URGENT,Saturday,C02,C02-S04,C02-WA04,ST02,ST03,S&T-00264,Track Circuit,Point Machine Maintenance,Signal aspect fault,3,73,HIGH,2,0.5,59,50,PENDING,NEXT_7_DAYS,SIGNAL_TELECOM,Saturday,PENDING_REVIEW,True
REQ-00237,S&T,NORMAL,Saturday,C02,C02-S02,C02-WA02,ST02,ST03,S&T-00187,Signal,Signal Inspection,Axle counter indication fault,1,26,NORMAL,0,1.0,29,60,PENDING,NEXT_7_DAYS,SIGNAL_TELECOM,Wednesday,PENDING_REVIEW,True
REQ-00238,S&T,NORMAL,Thursday,C04,C04-S02,C04-WA02,ST04,ST05,S&T-00184,Telecom,Track Circuit Testing,Communication equipment fault,5,14,NORMAL,0,2.0,45,51,PENDING,NEXT_7_DAYS,SIGNAL_TELECOM,Saturday,PENDING_REVIEW,True
REQ-00239,S&T,NORMAL,Saturday,C03,C03-S04,C03-WA04,ST03,ST04,S&T-00259,Track Circuit,Track Circuit Testing,Track circuit intermittent fault,1,68,LOW,5,3.0,58,54,PENDING,NEXT_7_DAYS,SIGNAL_TELECOM,Sunday,PENDING_REVIEW,True
REQ-00240,S&T,URGENT,Tuesday,C02,C02-S02,C02-WA02,ST02,ST03,S&T-00200,Telecom,Signal Inspection,Point machine abnormality,2,56,HIGH,0,3.0,59,22,PENDING,NEXT_7_DAYS,SIGNAL_TELECOM,Tuesday,PENDING_REVIEW,True
REQ-00241,S&T,URGENT,Wednesday,C04,C04-S02,C04-WA02,ST04,ST05,S&T-00311,Point Machine,Track Circuit Testing,Point machine abnormality,4,70,HIGH,5,2.0,75,58,PENDING,NEXT_7_DAYS,SIGNAL_TELECOM,Friday,PENDING_REVIEW,True
REQ-00242,S&T,URGENT,Monday,C01,C01-S02,C01-WA02,ST01,ST02,S&T-00314,Track Circuit,Telecom Maintenance,Communication equipment fault,3,74,HIGH,7,2.5,59,10,PENDING,NEXT_7_DAYS,SIGNAL_TELECOM,Tuesday,PENDING_REVIEW,True
REQ-00243,S&T,NORMAL,Monday,C01,C01-S04,C01-WA04,ST01,ST02,S&T-00211,Track Circuit,Point Machine Maintenance,Track circuit intermittent fault,5,47,MEDIUM,0,2.5,25,10,PENDING,NEXT_7_DAYS,SIGNAL_TELECOM,Tuesday,PENDING_REVIEW,True
REQ-00244,S&T,NORMAL,Wednesday,C02,C02-S04,C02-WA04,ST02,ST03,S&T-00346,Telecom,Track Circuit Testing,Communication equipment fault,2,25,LOW,1,2.0,37,32,PENDING,NEXT_7_DAYS,SIGNAL_TELECOM,Thursday,PENDING_REVIEW,True
REQ-00245,S&T,NORMAL,Sunday,C04,C04-S04,C04-WA04,ST04,ST05,S&T-00228,Signal,Axle Counter Inspection,Signal aspect fault,3,43,LOW,0,1.5,39,41,PENDING,NEXT_7_DAYS,SIGNAL_TELECOM,Tuesday,PENDING_REVIEW,True
REQ-00246,S&T,NORMAL,Monday,C03,C03-S04,C03-WA04,ST03,ST04,S&T-00268,Signal,Point Machine Maintenance,Axle counter indication fault,2,83,LOW,2,3.0,69,78,PENDING,NEXT_7_DAYS,SIGNAL_TELECOM,Saturday,PENDING_REVIEW,True
REQ-00247,S&T,NORMAL,Friday,C03,C03-S01,C03-WA01,ST03,ST04,S&T-00228,Telecom,Point Machine Maintenance,Signal aspect fault,3,55,MEDIUM,0,2.5,10,78,PENDING,NEXT_7_DAYS,SIGNAL_TELECOM,Sunday,PENDING_REVIEW,True
REQ-00248,S&T,NORMAL,Sunday,C02,C02-S01,C02-WA01,ST02,ST03,S&T-00268,Signal,Signal Inspection,Signal aspect fault,3,74,MEDIUM,2,1.5,39,70,PENDING,NEXT_7_DAYS,SIGNAL_TELECOM,Friday,PENDING_REVIEW,True
REQ-00249,S&T,NORMAL,Wednesday,C04,C04-S02,C04-WA02,ST04,ST05,S&T-00360,Axle Counter,Axle Counter Inspection,Axle counter indication fault,5,49,NORMAL,1,1.0,13,10,PENDING,NEXT_7_DAYS,SIGNAL_TELECOM,Friday,PENDING_REVIEW,True
REQ-00250,S&T,NORMAL,Saturday,C04,C04-S02,C04-WA02,ST04,ST05,S&T-00264,Track Circuit,Telecom Maintenance,Point machine abnormality,5,63,MEDIUM,0,2.5,54,46,PENDING,NEXT_7_DAYS,SIGNAL_TELECOM,Monday,PENDING_REVIEW,True
REQ-00251,S&T,NORMAL,Thursday,C02,C02-S03,C02-WA03,ST02,ST03,S&T-00240,Axle Counter,Track Circuit Testing,Point machine abnormality,3,99,NORMAL,5,1.5,81,65,PENDING,NEXT_7_DAYS,SIGNAL_TELECOM,Tuesday,PENDING_REVIEW,True
REQ-00252,S&T,URGENT,Tuesday,C01,C01-S02,C01-WA02,ST01,ST02,S&T-00312,Signal,Signal Maintenance,Axle counter indication fault,3,55,HIGH,5,1.5,24,95,PENDING,NEXT_7_DAYS,SIGNAL_TELECOM,Thursday,PENDING_REVIEW,True
REQ-00253,S&T,NORMAL,Tuesday,C02,C02-S02,C02-WA02,ST02,ST03,S&T-00283,Signal,Track Circuit Testing,Axle counter indication fault,2,56,MEDIUM,2,3.0,69,14,PENDING,NEXT_7_DAYS,SIGNAL_TELECOM,Wednesday,PENDING_REVIEW,True
REQ-00254,S&T,NORMAL,Sunday,C04,C04-S03,C04-WA03,ST04,ST05,S&T-00342,Point Machine,Point Machine Maintenance,Communication equipment fault,4,95,LOW,5,1.0,72,100,PENDING,NEXT_7_DAYS,SIGNAL_TELECOM,Tuesday,PENDING_REVIEW,True
REQ-00255,S&T,NORMAL,Friday,C03,C03-S03,C03-WA03,ST03,ST04,S&T-00285,Track Circuit,Telecom Maintenance,Point machine abnormality,2,41,NORMAL,0,2.0,60,52,PENDING,NEXT_7_DAYS,SIGNAL_TELECOM,Wednesday,PENDING_REVIEW,True
REQ-00256,S&T,NORMAL,Friday,C03,C03-S01,C03-WA01,ST03,ST04,S&T-00349,Axle Counter,Track Circuit Testing,Track circuit intermittent fault,2,52,MEDIUM,1,2.0,52,100,PENDING,NEXT_7_DAYS,SIGNAL_TELECOM,Monday,PENDING_REVIEW,True
REQ-00257,S&T,NORMAL,Wednesday,C01,C01-S01,C01-WA01,ST01,ST02,S&T-00311,Signal,Point Machine Maintenance,Point machine abnormality,4,83,NORMAL,0,1.5,69,31,PENDING,NEXT_7_DAYS,SIGNAL_TELECOM,Monday,PENDING_REVIEW,True
REQ-00258,S&T,URGENT,Saturday,C02,C02-S03,C02-WA03,ST02,ST03,S&T-00249,Axle Counter,Telecom Maintenance,Axle counter indication fault,5,71,HIGH,3,1.5,43,53,PENDING,NEXT_7_DAYS,SIGNAL_TELECOM,Saturday,PENDING_REVIEW,True
REQ-00259,S&T,NORMAL,Monday,C03,C03-S01,C03-WA01,ST03,ST04,S&T-00311,Track Circuit,Point Machine Maintenance,Track circuit intermittent fault,1,96,LOW,2,3.0,75,56,PENDING,NEXT_7_DAYS,SIGNAL_TELECOM,Saturday,PENDING_REVIEW,True
REQ-00260,S&T,NORMAL,Friday,C02,C02-S02,C02-WA02,ST02,ST03,S&T-00346,Axle Counter,Telecom Maintenance,Signal aspect fault,3,37,MEDIUM,0,1.5,19,52,PENDING,NEXT_7_DAYS,SIGNAL_TELECOM,Tuesday,PENDING_REVIEW,True
REQ-00261,S&T,NORMAL,Wednesday,C02,C02-S02,C02-WA02,ST02,ST03,S&T-00341,Signal,Signal Inspection,Point machine abnormality,3,55,NORMAL,5,2.5,67,49,PENDING,NEXT_7_DAYS,SIGNAL_TELECOM,Sunday,PENDING_REVIEW,True
REQ-00262,S&T,NORMAL,Monday,C04,C04-S03,C04-WA03,ST04,ST05,S&T-00324,Track Circuit,Telecom Maintenance,Signal aspect fault,4,62,LOW,0,2.0,70,59,PENDING,NEXT_7_DAYS,SIGNAL_TELECOM,Wednesday,PENDING_REVIEW,True
REQ-00263,S&T,EMERGENCY,Wednesday,C02,C02-S03,C02-WA03,ST02,ST03,S&T-00209,Axle Counter,Signal Maintenance,Axle counter indication fault,3,51,IMMEDIATE,0,2.5,10,57,PENDING,NEXT_7_DAYS,SIGNAL_TELECOM,Wednesday,PENDING_REVIEW,True
REQ-00264,S&T,NORMAL,Tuesday,C03,C03-S03,C03-WA03,ST03,ST04,S&T-00266,Track Circuit,Point Machine Maintenance,Signal aspect fault,2,39,LOW,0,1.5,36,55,PENDING,NEXT_7_DAYS,SIGNAL_TELECOM,Wednesday,PENDING_REVIEW,True
REQ-00265,S&T,EMERGENCY,Monday,C02,C02-S01,C02-WA01,ST02,ST03,S&T-00234,Point Machine,Axle Counter Inspection,Communication equipment fault,3,53,IMMEDIATE,2,1.0,33,40,PENDING,NEXT_7_DAYS,SIGNAL_TELECOM,Monday,PENDING_REVIEW,True
REQ-00266,S&T,NORMAL,Tuesday,C03,C03-S01,C03-WA01,ST03,ST04,S&T-00265,Track Circuit,Signal Inspection,Point machine abnormality,4,19,MEDIUM,7,2.0,27,100,PENDING,NEXT_7_DAYS,SIGNAL_TELECOM,Thursday,PENDING_REVIEW,True
REQ-00267,S&T,NORMAL,Friday,C04,C04-S03,C04-WA03,ST04,ST05,S&T-00339,Telecom,Track Circuit Testing,Signal aspect fault,4,65,LOW,3,0.5,57,49,PENDING,NEXT_7_DAYS,SIGNAL_TELECOM,Saturday,PENDING_REVIEW,True
REQ-00268,S&T,NORMAL,Saturday,C01,C01-S04,C01-WA04,ST01,ST02,S&T-00227,Axle Counter,Point Machine Maintenance,Communication equipment fault,4,83,NORMAL,0,1.5,34,75,PENDING,NEXT_7_DAYS,SIGNAL_TELECOM,Monday,PENDING_REVIEW,True
REQ-00269,S&T,NORMAL,Friday,C04,C04-S04,C04-WA04,ST04,ST05,S&T-00197,Axle Counter,Track Circuit Testing,Point machine abnormality,4,81,NORMAL,1,1.5,44,70,PENDING,NEXT_7_DAYS,SIGNAL_TELECOM,Saturday,PENDING_REVIEW,True
REQ-00270,S&T,NORMAL,Friday,C01,C01-S03,C01-WA03,ST01,ST02,S&T-00316,Telecom,Point Machine Maintenance,Axle counter indication fault,5,19,LOW,0,1.0,13,56,PENDING,NEXT_7_DAYS,SIGNAL_TELECOM,Wednesday,PENDING_REVIEW,True
REQ-00271,S&T,EMERGENCY,Saturday,C04,C04-S01,C04-WA01,ST04,ST05,S&T-00348,Telecom,Track Circuit Testing,Point machine abnormality,2,10,IMMEDIATE,1,2.5,10,61,PENDING,NEXT_7_DAYS,SIGNAL_TELECOM,Saturday,PENDING_REVIEW,True
REQ-00272,S&T,NORMAL,Wednesday,C01,C01-S02,C01-WA02,ST01,ST02,S&T-00255,Axle Counter,Telecom Maintenance,Track circuit intermittent fault,2,62,NORMAL,0,2.5,50,26,PENDING,NEXT_7_DAYS,SIGNAL_TELECOM,Friday,PENDING_REVIEW,True
REQ-00273,S&T,NORMAL,Saturday,C04,C04-S01,C04-WA01,ST04,ST05,S&T-00348,Telecom,Telecom Maintenance,Axle counter indication fault,2,77,NORMAL,2,1.0,36,57,PENDING,NEXT_7_DAYS,SIGNAL_TELECOM,Sunday,PENDING_REVIEW,True
REQ-00274,S&T,NORMAL,Sunday,C04,C04-S03,C04-WA03,ST04,ST05,S&T-00342,Axle Counter,Point Machine Maintenance,Point machine abnormality,3,61,LOW,1,1.0,49,49,PENDING,NEXT_7_DAYS,SIGNAL_TELECOM,Monday,PENDING_REVIEW,True
REQ-00275,S&T,NORMAL,Friday,C04,C04-S03,C04-WA03,ST04,ST05,S&T-00333,Point Machine,Signal Maintenance,Axle counter indication fault,4,43,NORMAL,1,2.0,60,88,PENDING,NEXT_7_DAYS,SIGNAL_TELECOM,Wednesday,PENDING_REVIEW,True
REQ-00276,S&T,URGENT,Tuesday,C02,C02-S02,C02-WA02,ST02,ST03,S&T-00204,Track Circuit,Signal Maintenance,Signal aspect fault,2,91,HIGH,1,1.0,31,38,PENDING,NEXT_7_DAYS,SIGNAL_TELECOM,Wednesday,PENDING_REVIEW,True
REQ-00277,S&T,URGENT,Sunday,C04,C04-S01,C04-WA01,ST04,ST05,S&T-00287,Axle Counter,Telecom Maintenance,Axle counter indication fault,4,34,HIGH,0,1.0,45,50,PENDING,NEXT_7_DAYS,SIGNAL_TELECOM,Tuesday,PENDING_REVIEW,True
REQ-00278,S&T,NORMAL,Friday,C04,C04-S03,C04-WA03,ST04,ST05,S&T-00194,Signal,Axle Counter Inspection,Communication equipment fault,4,75,LOW,10,2.5,44,53,PENDING,NEXT_7_DAYS,SIGNAL_TELECOM,Monday,PENDING_REVIEW,True
REQ-00279,S&T,NORMAL,Sunday,C04,C04-S01,C04-WA01,ST04,ST05,S&T-00301,Signal,Track Circuit Testing,Axle counter indication fault,3,44,NORMAL,0,3.0,26,48,PENDING,NEXT_7_DAYS,SIGNAL_TELECOM,Monday,PENDING_REVIEW,True
REQ-00280,S&T,NORMAL,Thursday,C01,C01-S04,C01-WA04,ST01,ST02,S&T-00198,Signal,Axle Counter Inspection,Signal aspect fault,4,53,NORMAL,7,2.5,15,45,PENDING,NEXT_7_DAYS,SIGNAL_TELECOM,Friday,PENDING_REVIEW,True
REQ-00281,Traction,NORMAL,Monday,C04,C04-S01,C04-WA01,ST04,ST05,TRA-00448,OHE,Isolator Maintenance,Catenary alignment issue,3,60,MEDIUM,5,3.0,35,92,PENDING,NEXT_7_DAYS,TRACTION,Saturday,PENDING_REVIEW,True
REQ-00282,Traction,NORMAL,Wednesday,C03,C03-S04,C03-WA04,ST03,ST04,TRA-00475,Pantograph Interface,Traction Equipment Inspection,Traction mast defect,4,30,NORMAL,1,3.0,10,50,PENDING,NEXT_7_DAYS,TRACTION,Thursday,PENDING_REVIEW,True
REQ-00283,Traction,NORMAL,Wednesday,C04,C04-S03,C04-WA03,ST04,ST05,TRA-00478,OHE,OHE Maintenance,Traction mast defect,4,86,MEDIUM,0,2.5,53,45,PENDING,NEXT_7_DAYS,TRACTION,Thursday,PENDING_REVIEW,True
REQ-00284,Traction,EMERGENCY,Friday,C03,C03-S02,C03-WA02,ST03,ST04,TRA-00391,Catenary,OHE Inspection,Contact wire wear,3,82,IMMEDIATE,3,1.0,57,46,PENDING,NEXT_7_DAYS,TRACTION,Friday,PENDING_REVIEW,True
REQ-00285,Traction,NORMAL,Friday,C03,C03-S01,C03-WA01,ST03,ST04,TRA-00445,Isolator,Traction Equipment Inspection,Traction mast defect,4,81,NORMAL,0,2.5,57,31,PENDING,NEXT_7_DAYS,TRACTION,Tuesday,PENDING_REVIEW,True
REQ-00286,Traction,NORMAL,Sunday,C04,C04-S02,C04-WA02,ST04,ST05,TRA-00535,OHE,OHE Inspection,OHE fitting deterioration,3,77,MEDIUM,0,2.5,54,82,PENDING,NEXT_7_DAYS,TRACTION,Monday,PENDING_REVIEW,True
REQ-00287,Traction,URGENT,Thursday,C04,C04-S01,C04-WA01,ST04,ST05,TRA-00377,Traction Mast,Traction Equipment Inspection,Traction mast defect,4,48,HIGH,10,2.0,34,49,PENDING,NEXT_7_DAYS,TRACTION,Friday,PENDING_REVIEW,True
REQ-00288,Traction,NORMAL,Monday,C02,C02-S01,C02-WA01,ST02,ST03,TRA-00403,Traction Mast,OHE Inspection,Traction mast defect,3,71,MEDIUM,10,1.5,53,87,PENDING,NEXT_7_DAYS,TRACTION,Tuesday,PENDING_REVIEW,True
REQ-00289,Traction,NORMAL,Tuesday,C02,C02-S03,C02-WA03,ST02,ST03,TRA-00499,OHE,Catenary Inspection,Traction mast defect,3,97,MEDIUM,5,2.0,86,72,PENDING,NEXT_7_DAYS,TRACTION,Sunday,PENDING_REVIEW,True
REQ-00290,Traction,NORMAL,Thursday,C01,C01-S04,C01-WA04,ST01,ST02,TRA-00485,OHE,OHE Inspection,OHE fitting deterioration,2,43,MEDIUM,7,2.5,28,50,PENDING,NEXT_7_DAYS,TRACTION,Tuesday,PENDING_REVIEW,True
REQ-00291,Traction,NORMAL,Sunday,C02,C02-S04,C02-WA04,ST02,ST03,TRA-00455,Pantograph Interface,Traction Equipment Inspection,Insulator condition issue,3,74,MEDIUM,7,2.0,45,50,PENDING,NEXT_7_DAYS,TRACTION,Wednesday,PENDING_REVIEW,True
REQ-00292,Traction,NORMAL,Wednesday,C02,C02-S04,C02-WA04,ST02,ST03,TRA-00435,Catenary,Isolator Maintenance,Contact wire wear,5,58,MEDIUM,7,3.0,53,48,PENDING,NEXT_7_DAYS,TRACTION,Sunday,PENDING_REVIEW,True
REQ-00293,Traction,NORMAL,Sunday,C04,C04-S01,C04-WA01,ST04,ST05,TRA-00406,Pantograph Interface,Catenary Inspection,Contact wire wear,4,59,NORMAL,1,4.0,74,62,PENDING,NEXT_7_DAYS,TRACTION,Wednesday,PENDING_REVIEW,True
REQ-00294,Traction,URGENT,Monday,C03,C03-S02,C03-WA02,ST03,ST04,TRA-00387,Traction Mast,OHE Inspection,Contact wire wear,1,39,HIGH,10,1.0,10,58,PENDING,NEXT_7_DAYS,TRACTION,Monday,PENDING_REVIEW,True
REQ-00295,Traction,NORMAL,Tuesday,C03,C03-S02,C03-WA02,ST03,ST04,TRA-00413,Traction Mast,OHE Inspection,Traction mast defect,4,50,LOW,14,4.0,21,66,PENDING,NEXT_7_DAYS,TRACTION,Friday,PENDING_REVIEW,True
REQ-00296,Traction,NORMAL,Wednesday,C02,C02-S01,C02-WA01,ST02,ST03,TRA-00475,Pantograph Interface,Traction Equipment Inspection,Insulator condition issue,3,90,MEDIUM,0,3.0,58,51,PENDING,NEXT_7_DAYS,TRACTION,Saturday,PENDING_REVIEW,True
REQ-00297,Traction,NORMAL,Thursday,C04,C04-S02,C04-WA02,ST04,ST05,TRA-00392,Catenary,OHE Maintenance,Insulator condition issue,3,87,NORMAL,0,1.0,87,93,PENDING,NEXT_7_DAYS,TRACTION,Tuesday,PENDING_REVIEW,True
REQ-00298,Traction,NORMAL,Sunday,C02,C02-S01,C02-WA01,ST02,ST03,TRA-00389,OHE,OHE Inspection,Contact wire wear,4,100,LOW,7,4.0,45,57,PENDING,NEXT_7_DAYS,TRACTION,Wednesday,PENDING_REVIEW,True
REQ-00299,Traction,EMERGENCY,Saturday,C03,C03-S03,C03-WA03,ST03,ST04,TRA-00451,Pantograph Interface,Catenary Inspection,Catenary alignment issue,4,62,IMMEDIATE,1,2.0,36,87,PENDING,NEXT_7_DAYS,TRACTION,Saturday,PENDING_REVIEW,True
REQ-00300,Traction,NORMAL,Sunday,C01,C01-S04,C01-WA04,ST01,ST02,TRA-00475,Traction Mast,OHE Maintenance,Insulator condition issue,2,65,NORMAL,2,1.5,51,81,PENDING,NEXT_7_DAYS,TRACTION,Tuesday,PENDING_REVIEW,True
REQ-00301,Traction,NORMAL,Thursday,C03,C03-S02,C03-WA02,ST03,ST04,TRA-00477,Catenary,Catenary Inspection,Traction mast defect,2,41,MEDIUM,1,4.0,41,55,PENDING,NEXT_7_DAYS,TRACTION,Saturday,PENDING_REVIEW,True
REQ-00302,Traction,URGENT,Wednesday,C01,C01-S03,C01-WA03,ST01,ST02,TRA-00458,Catenary,OHE Inspection,Insulator condition issue,3,56,HIGH,0,1.0,24,47,PENDING,NEXT_7_DAYS,TRACTION,Friday,PENDING_REVIEW,True
REQ-00303,Traction,URGENT,Tuesday,C03,C03-S01,C03-WA01,ST03,ST04,TRA-00446,Catenary,OHE Inspection,OHE fitting deterioration,2,84,HIGH,0,1.0,62,20,PENDING,NEXT_7_DAYS,TRACTION,Thursday,PENDING_REVIEW,True
REQ-00304,Traction,NORMAL,Wednesday,C03,C03-S04,C03-WA04,ST03,ST04,TRA-00519,Catenary,Traction Equipment Inspection,OHE fitting deterioration,3,61,LOW,0,3.0,45,48,PENDING,NEXT_7_DAYS,TRACTION,Sunday,PENDING_REVIEW,True
REQ-00305,Traction,NORMAL,Saturday,C04,C04-S03,C04-WA03,ST04,ST05,TRA-00396,Traction Mast,OHE Inspection,Catenary alignment issue,3,53,LOW,3,1.0,58,74,PENDING,NEXT_7_DAYS,TRACTION,Sunday,PENDING_REVIEW,True
REQ-00306,Traction,NORMAL,Friday,C04,C04-S02,C04-WA02,ST04,ST05,TRA-00469,Pantograph Interface,Traction Equipment Inspection,OHE fitting deterioration,2,87,MEDIUM,7,3.0,79,62,PENDING,NEXT_7_DAYS,TRACTION,Monday,PENDING_REVIEW,True
REQ-00307,Traction,NORMAL,Thursday,C02,C02-S04,C02-WA04,ST02,ST03,TRA-00522,Catenary,OHE Maintenance,Insulator condition issue,3,24,MEDIUM,0,3.0,58,66,PENDING,NEXT_7_DAYS,TRACTION,Saturday,PENDING_REVIEW,True
REQ-00308,Traction,URGENT,Tuesday,C01,C01-S02,C01-WA02,ST01,ST02,TRA-00362,Isolator,OHE Inspection,Insulator condition issue,2,30,HIGH,0,3.0,50,54,PENDING,NEXT_7_DAYS,TRACTION,Tuesday,PENDING_REVIEW,True
REQ-00309,Traction,NORMAL,Tuesday,C02,C02-S01,C02-WA01,ST02,ST03,TRA-00436,Traction Mast,Traction Equipment Inspection,Catenary alignment issue,4,54,LOW,10,2.0,54,44,PENDING,NEXT_7_DAYS,TRACTION,Friday,PENDING_REVIEW,True
REQ-00310,Traction,NORMAL,Wednesday,C02,C02-S01,C02-WA01,ST02,ST03,TRA-00454,Catenary,OHE Inspection,OHE fitting deterioration,3,43,MEDIUM,7,2.5,10,75,PENDING,NEXT_7_DAYS,TRACTION,Monday,PENDING_REVIEW,True
REQ-00311,Traction,URGENT,Monday,C04,C04-S03,C04-WA03,ST04,ST05,TRA-00497,Pantograph Interface,Traction Equipment Inspection,Insulator condition issue,4,34,HIGH,7,1.0,10,43,PENDING,NEXT_7_DAYS,TRACTION,Tuesday,PENDING_REVIEW,True
REQ-00312,Traction,NORMAL,Tuesday,C01,C01-S01,C01-WA01,ST01,ST02,TRA-00371,Pantograph Interface,Traction Equipment Inspection,Catenary alignment issue,3,53,NORMAL,0,2.5,30,38,PENDING,NEXT_7_DAYS,TRACTION,Sunday,PENDING_REVIEW,True
REQ-00313,Traction,NORMAL,Friday,C04,C04-S01,C04-WA01,ST04,ST05,TRA-00374,OHE,Traction Equipment Inspection,Insulator condition issue,3,98,MEDIUM,7,1.5,56,83,PENDING,NEXT_7_DAYS,TRACTION,Tuesday,PENDING_REVIEW,True
REQ-00314,Traction,NORMAL,Sunday,C04,C04-S04,C04-WA04,ST04,ST05,TRA-00404,OHE,Traction Equipment Inspection,Catenary alignment issue,2,36,MEDIUM,0,4.0,23,87,PENDING,NEXT_7_DAYS,TRACTION,Tuesday,PENDING_REVIEW,True
REQ-00315,Traction,NORMAL,Thursday,C01,C01-S04,C01-WA04,ST01,ST02,TRA-00456,Traction Mast,Catenary Inspection,Traction mast defect,5,56,NORMAL,0,2.5,46,68,PENDING,NEXT_7_DAYS,TRACTION,Saturday,PENDING_REVIEW,True
REQ-00316,Traction,EMERGENCY,Wednesday,C04,C04-S01,C04-WA01,ST04,ST05,TRA-00528,OHE,Catenary Inspection,Catenary alignment issue,3,73,IMMEDIATE,0,1.5,34,46,PENDING,NEXT_7_DAYS,TRACTION,Wednesday,PENDING_REVIEW,True
REQ-00317,Traction,NORMAL,Wednesday,C02,C02-S04,C02-WA04,ST02,ST03,TRA-00378,Traction Mast,Isolator Maintenance,Catenary alignment issue,2,64,NORMAL,3,4.0,43,49,PENDING,NEXT_7_DAYS,TRACTION,Thursday,PENDING_REVIEW,True
REQ-00318,Traction,NORMAL,Monday,C04,C04-S03,C04-WA03,ST04,ST05,TRA-00438,Pantograph Interface,Catenary Inspection,Contact wire wear,2,45,LOW,2,3.0,27,63,PENDING,NEXT_7_DAYS,TRACTION,Friday,PENDING_REVIEW,True
REQ-00319,Traction,NORMAL,Monday,C04,C04-S02,C04-WA02,ST04,ST05,TRA-00369,Catenary,OHE Inspection,Catenary alignment issue,1,64,NORMAL,0,1.5,27,10,PENDING,NEXT_7_DAYS,TRACTION,Saturday,PENDING_REVIEW,True
REQ-00320,Traction,NORMAL,Monday,C02,C02-S01,C02-WA01,ST02,ST03,TRA-00426,Catenary,OHE Inspection,Insulator condition issue,2,10,NORMAL,0,3.0,18,39,PENDING,NEXT_7_DAYS,TRACTION,Friday,PENDING_REVIEW,True
REQ-00321,Traction,NORMAL,Wednesday,C03,C03-S01,C03-WA01,ST03,ST04,TRA-00413,OHE,Isolator Maintenance,OHE fitting deterioration,5,78,MEDIUM,0,2.0,46,90,PENDING,NEXT_7_DAYS,TRACTION,Saturday,PENDING_REVIEW,True
REQ-00322,Traction,NORMAL,Tuesday,C04,C04-S02,C04-WA02,ST04,ST05,TRA-00463,Catenary,OHE Inspection,Contact wire wear,3,75,LOW,7,2.5,30,58,PENDING,NEXT_7_DAYS,TRACTION,Saturday,PENDING_REVIEW,True
REQ-00323,Traction,NORMAL,Monday,C02,C02-S04,C02-WA04,ST02,ST03,TRA-00388,Isolator,Traction Equipment Inspection,Catenary alignment issue,3,38,MEDIUM,0,1.5,20,70,PENDING,NEXT_7_DAYS,TRACTION,Saturday,PENDING_REVIEW,True
REQ-00324,Traction,NORMAL,Tuesday,C01,C01-S03,C01-WA03,ST01,ST02,TRA-00433,Traction Mast,Catenary Inspection,Traction mast defect,2,69,MEDIUM,7,1.5,18,68,PENDING,NEXT_7_DAYS,TRACTION,Wednesday,PENDING_REVIEW,True
REQ-00325,Traction,NORMAL,Sunday,C04,C04-S02,C04-WA02,ST04,ST05,TRA-00503,OHE,Isolator Maintenance,Traction mast defect,3,57,NORMAL,10,1.0,35,29,PENDING,NEXT_7_DAYS,TRACTION,Wednesday,PENDING_REVIEW,True
REQ-00326,Traction,URGENT,Saturday,C03,C03-S01,C03-WA01,ST03,ST04,TRA-00386,Isolator,OHE Maintenance,Insulator condition issue,4,65,HIGH,1,1.0,81,73,PENDING,NEXT_7_DAYS,TRACTION,Sunday,PENDING_REVIEW,True
REQ-00327,Traction,NORMAL,Monday,C01,C01-S04,C01-WA04,ST01,ST02,TRA-00384,Pantograph Interface,Isolator Maintenance,OHE fitting deterioration,2,64,MEDIUM,0,4.0,60,60,PENDING,NEXT_7_DAYS,TRACTION,Wednesday,PENDING_REVIEW,True
REQ-00328,Traction,NORMAL,Wednesday,C02,C02-S04,C02-WA04,ST02,ST03,TRA-00517,Catenary,Isolator Maintenance,OHE fitting deterioration,4,48,MEDIUM,10,2.0,36,70,PENDING,NEXT_7_DAYS,TRACTION,Monday,PENDING_REVIEW,True
REQ-00329,Traction,URGENT,Tuesday,C01,C01-S03,C01-WA03,ST01,ST02,TRA-00535,OHE,OHE Maintenance,Traction mast defect,3,68,HIGH,7,4.0,61,46,PENDING,NEXT_7_DAYS,TRACTION,Wednesday,PENDING_REVIEW,True
REQ-00330,Traction,NORMAL,Tuesday,C04,C04-S03,C04-WA03,ST04,ST05,TRA-00470,Pantograph Interface,OHE Maintenance,Contact wire wear,2,42,MEDIUM,7,3.0,13,61,PENDING,NEXT_7_DAYS,TRACTION,Saturday,PENDING_REVIEW,True
REQ-00331,Traction,NORMAL,Thursday,C04,C04-S02,C04-WA02,ST04,ST05,TRA-00434,Isolator,OHE Inspection,Contact wire wear,2,91,LOW,3,1.5,53,75,PENDING,NEXT_7_DAYS,TRACTION,Saturday,PENDING_REVIEW,True
REQ-00332,Traction,URGENT,Monday,C01,C01-S04,C01-WA04,ST01,ST02,TRA-00479,Pantograph Interface,Catenary Inspection,Catenary alignment issue,3,56,HIGH,0,4.0,32,54,PENDING,NEXT_7_DAYS,TRACTION,Tuesday,PENDING_REVIEW,True
REQ-00333,Traction,NORMAL,Thursday,C04,C04-S01,C04-WA01,ST04,ST05,TRA-00508,Isolator,OHE Inspection,Contact wire wear,5,37,NORMAL,1,2.5,22,85,PENDING,NEXT_7_DAYS,TRACTION,Saturday,PENDING_REVIEW,True
REQ-00334,Traction,NORMAL,Thursday,C03,C03-S04,C03-WA04,ST03,ST04,TRA-00529,OHE,OHE Maintenance,Insulator condition issue,4,48,MEDIUM,0,2.5,40,100,PENDING,NEXT_7_DAYS,TRACTION,Saturday,PENDING_REVIEW,True
REQ-00335,Traction,NORMAL,Thursday,C04,C04-S02,C04-WA02,ST04,ST05,TRA-00423,OHE,OHE Inspection,Insulator condition issue,1,33,MEDIUM,0,1.5,32,67,PENDING,NEXT_7_DAYS,TRACTION,Friday,PENDING_REVIEW,True
REQ-00336,Traction,EMERGENCY,Saturday,C03,C03-S01,C03-WA01,ST03,ST04,TRA-00460,Traction Mast,Traction Equipment Inspection,Catenary alignment issue,2,57,IMMEDIATE,7,2.0,21,71,PENDING,NEXT_7_DAYS,TRACTION,Saturday,PENDING_REVIEW,True
REQ-00337,Traction,URGENT,Saturday,C02,C02-S02,C02-WA02,ST02,ST03,TRA-00511,Pantograph Interface,OHE Inspection,Catenary alignment issue,2,63,HIGH,14,3.0,38,36,PENDING,NEXT_7_DAYS,TRACTION,Monday,PENDING_REVIEW,True
REQ-00338,Traction,NORMAL,Friday,C02,C02-S02,C02-WA02,ST02,ST03,TRA-00473,Traction Mast,Catenary Inspection,Insulator condition issue,5,63,NORMAL,14,2.0,31,42,PENDING,NEXT_7_DAYS,TRACTION,Monday,PENDING_REVIEW,True
REQ-00339,Traction,NORMAL,Monday,C02,C02-S01,C02-WA01,ST02,ST03,TRA-00472,Catenary,OHE Maintenance,Traction mast defect,3,47,MEDIUM,14,2.0,61,76,PENDING,NEXT_7_DAYS,TRACTION,Saturday,PENDING_REVIEW,True
REQ-00340,Traction,NORMAL,Thursday,C01,C01-S03,C01-WA03,ST01,ST02,TRA-00377,Catenary,Traction Equipment Inspection,Catenary alignment issue,2,90,MEDIUM,0,2.0,61,73,PENDING,NEXT_7_DAYS,TRACTION,Monday,PENDING_REVIEW,True
REQ-00341,Traction,NORMAL,Friday,C01,C01-S03,C01-WA03,ST01,ST02,TRA-00425,Pantograph Interface,Traction Equipment Inspection,Insulator condition issue,3,74,NORMAL,0,2.0,63,38,PENDING,NEXT_7_DAYS,TRACTION,Tuesday,PENDING_REVIEW,True
REQ-00342,Traction,URGENT,Friday,C02,C02-S02,C02-WA02,ST02,ST03,TRA-00419,Catenary,Traction Equipment Inspection,Traction mast defect,3,58,HIGH,0,1.5,55,45,PENDING,NEXT_7_DAYS,TRACTION,Saturday,PENDING_REVIEW,True
REQ-00343,Traction,URGENT,Tuesday,C02,C02-S02,C02-WA02,ST02,ST03,TRA-00453,Isolator,OHE Maintenance,Contact wire wear,5,70,HIGH,2,3.0,67,17,PENDING,NEXT_7_DAYS,TRACTION,Wednesday,PENDING_REVIEW,True
REQ-00344,Traction,URGENT,Thursday,C04,C04-S01,C04-WA01,ST04,ST05,TRA-00429,Pantograph Interface,Catenary Inspection,Insulator condition issue,3,52,HIGH,0,2.0,24,57,PENDING,NEXT_7_DAYS,TRACTION,Friday,PENDING_REVIEW,True
REQ-00345,Traction,URGENT,Thursday,C03,C03-S03,C03-WA03,ST03,ST04,TRA-00428,Traction Mast,Catenary Inspection,Traction mast defect,4,53,HIGH,3,2.0,13,76,PENDING,NEXT_7_DAYS,TRACTION,Friday,PENDING_REVIEW,True
REQ-00346,Traction,NORMAL,Monday,C04,C04-S02,C04-WA02,ST04,ST05,TRA-00372,OHE,Catenary Inspection,Contact wire wear,1,77,LOW,0,2.5,42,39,PENDING,NEXT_7_DAYS,TRACTION,Tuesday,PENDING_REVIEW,True
REQ-00347,Traction,URGENT,Saturday,C02,C02-S02,C02-WA02,ST02,ST03,TRA-00457,Catenary,Traction Equipment Inspection,OHE fitting deterioration,3,71,HIGH,0,2.0,77,41,PENDING,NEXT_7_DAYS,TRACTION,Monday,PENDING_REVIEW,True
REQ-00348,Traction,NORMAL,Monday,C04,C04-S02,C04-WA02,ST04,ST05,TRA-00468,Isolator,Catenary Inspection,OHE fitting deterioration,4,90,NORMAL,0,1.0,34,45,PENDING,NEXT_7_DAYS,TRACTION,Friday,PENDING_REVIEW,True
REQ-00349,Traction,NORMAL,Thursday,C04,C04-S02,C04-WA02,ST04,ST05,TRA-00438,OHE,Catenary Inspection,Catenary alignment issue,2,69,MEDIUM,0,2.5,62,84,PENDING,NEXT_7_DAYS,TRACTION,Monday,PENDING_REVIEW,True
REQ-00350,Traction,NORMAL,Saturday,C02,C02-S01,C02-WA01,ST02,ST03,TRA-00406,Traction Mast,OHE Inspection,OHE fitting deterioration,2,79,MEDIUM,2,4.0,43,56,PENDING,NEXT_7_DAYS,TRACTION,Sunday,PENDING_REVIEW,True
REQ-00351,Traction,NORMAL,Monday,C04,C04-S04,C04-WA04,ST04,ST05,TRA-00386,Pantograph Interface,Isolator Maintenance,Insulator condition issue,1,36,NORMAL,2,2.5,38,40,PENDING,NEXT_7_DAYS,TRACTION,Friday,PENDING_REVIEW,True
REQ-00352,Traction,NORMAL,Tuesday,C02,C02-S01,C02-WA01,ST02,ST03,TRA-00485,Isolator,Catenary Inspection,OHE fitting deterioration,3,55,NORMAL,1,1.0,20,38,PENDING,NEXT_7_DAYS,TRACTION,Friday,PENDING_REVIEW,True
REQ-00353,Traction,NORMAL,Saturday,C01,C01-S01,C01-WA01,ST01,ST02,TRA-00381,OHE,OHE Inspection,OHE fitting deterioration,3,80,NORMAL,1,1.0,48,100,PENDING,NEXT_7_DAYS,TRACTION,Thursday,PENDING_REVIEW,True
REQ-00354,Traction,EMERGENCY,Wednesday,C02,C02-S02,C02-WA02,ST02,ST03,TRA-00468,Catenary,OHE Maintenance,Insulator condition issue,4,29,IMMEDIATE,3,1.5,10,60,PENDING,NEXT_7_DAYS,TRACTION,Wednesday,PENDING_REVIEW,True
REQ-00355,Traction,NORMAL,Wednesday,C03,C03-S01,C03-WA01,ST03,ST04,TRA-00437,OHE,Catenary Inspection,Traction mast defect,1,100,NORMAL,0,2.0,90,58,PENDING,NEXT_7_DAYS,TRACTION,Thursday,PENDING_REVIEW,True
REQ-00356,Traction,EMERGENCY,Saturday,C03,C03-S04,C03-WA04,ST03,ST04,TRA-00399,OHE,OHE Maintenance,Traction mast defect,4,53,IMMEDIATE,2,1.0,44,83,PENDING,NEXT_7_DAYS,TRACTION,Saturday,PENDING_REVIEW,True
REQ-00357,Traction,NORMAL,Wednesday,C02,C02-S02,C02-WA02,ST02,ST03,TRA-00402,Pantograph Interface,OHE Maintenance,OHE fitting deterioration,3,72,NORMAL,2,1.5,46,43,PENDING,NEXT_7_DAYS,TRACTION,Sunday,PENDING_REVIEW,True
REQ-00358,Traction,URGENT,Tuesday,C01,C01-S04,C01-WA04,ST01,ST02,TRA-00527,Traction Mast,Isolator Maintenance,Contact wire wear,3,26,HIGH,1,3.0,21,91,PENDING,NEXT_7_DAYS,TRACTION,Thursday,PENDING_REVIEW,True
REQ-00359,Traction,NORMAL,Tuesday,C03,C03-S01,C03-WA01,ST03,ST04,TRA-00414,Isolator,Traction Equipment Inspection,OHE fitting deterioration,5,70,NORMAL,2,4.0,49,90,PENDING,NEXT_7_DAYS,TRACTION,Sunday,PENDING_REVIEW,True
REQ-00360,Traction,EMERGENCY,Tuesday,C03,C03-S02,C03-WA02,ST03,ST04,TRA-00380,Traction Mast,Traction Equipment Inspection,Catenary alignment issue,4,50,IMMEDIATE,0,2.0,49,31,PENDING,NEXT_7_DAYS,TRACTION,Tuesday,PENDING_REVIEW,True
REQ-00361,Traction,URGENT,Thursday,C01,C01-S01,C01-WA01,ST01,ST02,TRA-00459,Catenary,Isolator Maintenance,Traction mast defect,5,52,HIGH,1,1.5,35,57,PENDING,NEXT_7_DAYS,TRACTION,Thursday,PENDING_REVIEW,True
REQ-00362,Traction,NORMAL,Friday,C03,C03-S01,C03-WA01,ST03,ST04,TRA-00513,Catenary,OHE Maintenance,Catenary alignment issue,4,24,LOW,7,4.0,10,72,PENDING,NEXT_7_DAYS,TRACTION,Monday,PENDING_REVIEW,True
REQ-00363,Traction,NORMAL,Sunday,C04,C04-S01,C04-WA01,ST04,ST05,TRA-00518,Traction Mast,Isolator Maintenance,Traction mast defect,3,67,NORMAL,3,3.0,69,63,PENDING,NEXT_7_DAYS,TRACTION,Friday,PENDING_REVIEW,True
REQ-00364,Traction,NORMAL,Tuesday,C02,C02-S04,C02-WA04,ST02,ST03,TRA-00467,Traction Mast,Catenary Inspection,Contact wire wear,3,73,MEDIUM,0,3.0,75,78,PENDING,NEXT_7_DAYS,TRACTION,Friday,PENDING_REVIEW,True
REQ-00365,Traction,NORMAL,Friday,C03,C03-S04,C03-WA04,ST03,ST04,TRA-00495,OHE,Traction Equipment Inspection,Insulator condition issue,2,90,LOW,1,3.0,86,77,PENDING,NEXT_7_DAYS,TRACTION,Saturday,PENDING_REVIEW,True
REQ-00366,Traction,NORMAL,Monday,C01,C01-S03,C01-WA03,ST01,ST02,TRA-00509,Pantograph Interface,Isolator Maintenance,Contact wire wear,5,74,MEDIUM,0,3.0,46,43,PENDING,NEXT_7_DAYS,TRACTION,Saturday,PENDING_REVIEW,True
REQ-00367,Traction,NORMAL,Monday,C04,C04-S03,C04-WA03,ST04,ST05,TRA-00480,Traction Mast,OHE Inspection,OHE fitting deterioration,2,43,NORMAL,1,2.5,20,85,PENDING,NEXT_7_DAYS,TRACTION,Saturday,PENDING_REVIEW,True
REQ-00368,Traction,NORMAL,Sunday,C01,C01-S01,C01-WA01,ST01,ST02,TRA-00382,Traction Mast,OHE Inspection,Contact wire wear,3,81,NORMAL,0,3.0,63,25,PENDING,NEXT_7_DAYS,TRACTION,Tuesday,PENDING_REVIEW,True
REQ-00369,Traction,NORMAL,Monday,C02,C02-S03,C02-WA03,ST02,ST03,TRA-00379,OHE,Catenary Inspection,Contact wire wear,3,100,MEDIUM,0,2.0,78,65,PENDING,NEXT_7_DAYS,TRACTION,Thursday,PENDING_REVIEW,True
REQ-00370,Traction,NORMAL,Thursday,C01,C01-S02,C01-WA02,ST01,ST02,TRA-00504,Isolator,Catenary Inspection,Insulator condition issue,5,77,MEDIUM,7,2.5,24,57,PENDING,NEXT_7_DAYS,TRACTION,Tuesday,PENDING_REVIEW,True
REQ-00371,Traction,URGENT,Tuesday,C01,C01-S03,C01-WA03,ST01,ST02,TRA-00378,Pantograph Interface,Traction Equipment Inspection,Traction mast defect,3,79,HIGH,3,1.0,86,33,PENDING,NEXT_7_DAYS,TRACTION,Thursday,PENDING_REVIEW,True
REQ-00372,Traction,NORMAL,Friday,C03,C03-S04,C03-WA04,ST03,ST04,TRA-00377,Traction Mast,Catenary Inspection,Contact wire wear,2,81,NORMAL,10,1.0,80,32,PENDING,NEXT_7_DAYS,TRACTION,Wednesday,PENDING_REVIEW,True
REQ-00373,Traction,NORMAL,Thursday,C03,C03-S03,C03-WA03,ST03,ST04,TRA-00527,Isolator,OHE Inspection,OHE fitting deterioration,3,47,NORMAL,0,1.0,44,40,PENDING,NEXT_7_DAYS,TRACTION,Friday,PENDING_REVIEW,True
REQ-00374,Traction,NORMAL,Tuesday,C04,C04-S01,C04-WA01,ST04,ST05,TRA-00380,Isolator,OHE Maintenance,OHE fitting deterioration,2,35,NORMAL,0,1.0,11,21,PENDING,NEXT_7_DAYS,TRACTION,Thursday,PENDING_REVIEW,True
REQ-00375,Traction,NORMAL,Tuesday,C04,C04-S01,C04-WA01,ST04,ST05,TRA-00521,Pantograph Interface,Isolator Maintenance,Catenary alignment issue,2,73,NORMAL,1,2.5,70,10,PENDING,NEXT_7_DAYS,TRACTION,Wednesday,PENDING_REVIEW,True
REQ-00376,Traction,NORMAL,Wednesday,C02,C02-S02,C02-WA02,ST02,ST03,TRA-00495,Traction Mast,Catenary Inspection,OHE fitting deterioration,3,68,MEDIUM,0,3.0,42,37,PENDING,NEXT_7_DAYS,TRACTION,Sunday,PENDING_REVIEW,True
REQ-00377,Traction,NORMAL,Wednesday,C03,C03-S01,C03-WA01,ST03,ST04,TRA-00394,Traction Mast,Isolator Maintenance,Contact wire wear,2,46,NORMAL,1,2.0,61,70,PENDING,NEXT_7_DAYS,TRACTION,Sunday,PENDING_REVIEW,True
REQ-00378,Traction,NORMAL,Saturday,C01,C01-S02,C01-WA02,ST01,ST02,TRA-00533,Traction Mast,Catenary Inspection,Contact wire wear,5,77,MEDIUM,1,4.0,43,36,PENDING,NEXT_7_DAYS,TRACTION,Thursday,PENDING_REVIEW,True
REQ-00379,Traction,NORMAL,Saturday,C01,C01-S03,C01-WA03,ST01,ST02,TRA-00520,Pantograph Interface,Catenary Inspection,Traction mast defect,2,60,LOW,0,2.0,38,47,PENDING,NEXT_7_DAYS,TRACTION,Wednesday,PENDING_REVIEW,True
REQ-00380,Traction,NORMAL,Tuesday,C04,C04-S02,C04-WA02,ST04,ST05,TRA-00494,Isolator,Traction Equipment Inspection,Traction mast defect,5,41,MEDIUM,0,2.0,17,58,PENDING,NEXT_7_DAYS,TRACTION,Sunday,PENDING_REVIEW,True
REQ-00381,Traction,NORMAL,Sunday,C01,C01-S01,C01-WA01,ST01,ST02,TRA-00462,Traction Mast,OHE Maintenance,OHE fitting deterioration,2,65,LOW,0,3.0,53,29,PENDING,NEXT_7_DAYS,TRACTION,Thursday,PENDING_REVIEW,True
REQ-00382,Traction,URGENT,Thursday,C02,C02-S04,C02-WA04,ST02,ST03,TRA-00438,Traction Mast,OHE Inspection,Insulator condition issue,3,59,HIGH,2,4.0,51,72,PENDING,NEXT_7_DAYS,TRACTION,Friday,PENDING_REVIEW,True
REQ-00383,Traction,NORMAL,Thursday,C02,C02-S04,C02-WA04,ST02,ST03,TRA-00378,Isolator,OHE Maintenance,OHE fitting deterioration,3,28,NORMAL,1,2.0,10,36,PENDING,NEXT_7_DAYS,TRACTION,Monday,PENDING_REVIEW,True
REQ-00384,Traction,NORMAL,Monday,C03,C03-S02,C03-WA02,ST03,ST04,TRA-00472,Pantograph Interface,Catenary Inspection,OHE fitting deterioration,4,72,MEDIUM,1,2.0,64,80,PENDING,NEXT_7_DAYS,TRACTION,Friday,PENDING_REVIEW,True
REQ-00385,Traction,NORMAL,Saturday,C01,C01-S01,C01-WA01,ST01,ST02,TRA-00449,Traction Mast,Catenary Inspection,Insulator condition issue,3,45,NORMAL,3,3.0,22,54,PENDING,NEXT_7_DAYS,TRACTION,Monday,PENDING_REVIEW,True
REQ-00386,Traction,NORMAL,Wednesday,C03,C03-S04,C03-WA04,ST03,ST04,TRA-00401,OHE,OHE Inspection,Insulator condition issue,4,26,LOW,0,2.5,21,86,PENDING,NEXT_7_DAYS,TRACTION,Sunday,PENDING_REVIEW,True
REQ-00387,Traction,NORMAL,Tuesday,C04,C04-S02,C04-WA02,ST04,ST05,TRA-00483,OHE,OHE Maintenance,Catenary alignment issue,5,72,NORMAL,0,2.0,87,62,PENDING,NEXT_7_DAYS,TRACTION,Sunday,PENDING_REVIEW,True
REQ-00388,Traction,NORMAL,Tuesday,C04,C04-S04,C04-WA04,ST04,ST05,TRA-00445,Isolator,Isolator Maintenance,Insulator condition issue,5,49,MEDIUM,0,3.0,27,32,PENDING,NEXT_7_DAYS,TRACTION,Saturday,PENDING_REVIEW,True
REQ-00389,Traction,EMERGENCY,Wednesday,C02,C02-S03,C02-WA03,ST02,ST03,TRA-00441,Isolator,Catenary Inspection,Catenary alignment issue,2,67,IMMEDIATE,0,2.5,67,66,PENDING,NEXT_7_DAYS,TRACTION,Wednesday,PENDING_REVIEW,True
REQ-00390,Traction,NORMAL,Thursday,C04,C04-S03,C04-WA03,ST04,ST05,TRA-00526,Pantograph Interface,Isolator Maintenance,Catenary alignment issue,5,46,NORMAL,1,2.0,58,65,PENDING,NEXT_7_DAYS,TRACTION,Friday,PENDING_REVIEW,True
REQ-00391,Traction,NORMAL,Wednesday,C04,C04-S01,C04-WA01,ST04,ST05,TRA-00470,Traction Mast,OHE Maintenance,Catenary alignment issue,2,74,NORMAL,1,2.5,34,78,PENDING,NEXT_7_DAYS,TRACTION,Sunday,PENDING_REVIEW,True
REQ-00392,Traction,NORMAL,Wednesday,C01,C01-S04,C01-WA04,ST01,ST02,TRA-00532,Traction Mast,OHE Maintenance,Insulator condition issue,1,78,NORMAL,0,3.0,76,71,PENDING,NEXT_7_DAYS,TRACTION,Monday,PENDING_REVIEW,True
REQ-00393,Traction,URGENT,Sunday,C04,C04-S03,C04-WA03,ST04,ST05,TRA-00396,OHE,OHE Maintenance,Insulator condition issue,4,76,HIGH,7,4.0,54,100,PENDING,NEXT_7_DAYS,TRACTION,Monday,PENDING_REVIEW,True
REQ-00394,Traction,NORMAL,Tuesday,C04,C04-S04,C04-WA04,ST04,ST05,TRA-00410,Isolator,OHE Maintenance,OHE fitting deterioration,2,73,NORMAL,1,2.0,58,96,PENDING,NEXT_7_DAYS,TRACTION,Saturday,PENDING_REVIEW,True
REQ-00395,Traction,NORMAL,Friday,C01,C01-S04,C01-WA04,ST01,ST02,TRA-00513,Traction Mast,Catenary Inspection,Catenary alignment issue,4,100,MEDIUM,7,1.0,95,56,PENDING,NEXT_7_DAYS,TRACTION,Tuesday,PENDING_REVIEW,True
REQ-00396,Traction,NORMAL,Friday,C01,C01-S04,C01-WA04,ST01,ST02,TRA-00406,Catenary,OHE Maintenance,Contact wire wear,3,57,NORMAL,2,2.0,66,47,PENDING,NEXT_7_DAYS,TRACTION,Monday,PENDING_REVIEW,True
REQ-00397,Traction,NORMAL,Tuesday,C04,C04-S01,C04-WA01,ST04,ST05,TRA-00364,OHE,Traction Equipment Inspection,Traction mast defect,3,55,MEDIUM,2,2.0,10,55,PENDING,NEXT_7_DAYS,TRACTION,Thursday,PENDING_REVIEW,True
REQ-00398,Traction,NORMAL,Friday,C03,C03-S01,C03-WA01,ST03,ST04,TRA-00362,OHE,OHE Inspection,Insulator condition issue,3,33,NORMAL,3,3.0,21,72,PENDING,NEXT_7_DAYS,TRACTION,Monday,PENDING_REVIEW,True
REQ-00399,Traction,NORMAL,Tuesday,C03,C03-S01,C03-WA01,ST03,ST04,TRA-00513,Catenary,Traction Equipment Inspection,OHE fitting deterioration,4,64,NORMAL,7,1.0,51,36,PENDING,NEXT_7_DAYS,TRACTION,Wednesday,PENDING_REVIEW,True
REQ-00400,Traction,NORMAL,Saturday,C02,C02-S01,C02-WA01,ST02,ST03,TRA-00466,Traction Mast,Catenary Inspection,Catenary alignment issue,3,70,LOW,0,2.5,52,62,PENDING,NEXT_7_DAYS,TRACTION,Thursday,PENDING_REVIEW,True
REQ-00401,Traction,NORMAL,Friday,C02,C02-S03,C02-WA03,ST02,ST03,TRA-00469,Isolator,OHE Inspection,Insulator condition issue,3,99,MEDIUM,0,1.5,100,58,PENDING,NEXT_7_DAYS,TRACTION,Wednesday,PENDING_REVIEW,True
REQ-00402,Traction,NORMAL,Saturday,C04,C04-S02,C04-WA02,ST04,ST05,TRA-00394,Pantograph Interface,Traction Equipment Inspection,Contact wire wear,3,42,NORMAL,1,3.0,26,51,PENDING,NEXT_7_DAYS,TRACTION,Thursday,PENDING_REVIEW,True
REQ-00403,Traction,URGENT,Monday,C02,C02-S01,C02-WA01,ST02,ST03,TRA-00410,Traction Mast,Isolator Maintenance,Insulator condition issue,1,59,HIGH,7,2.0,55,70,PENDING,NEXT_7_DAYS,TRACTION,Wednesday,PENDING_REVIEW,True
REQ-00404,Traction,URGENT,Sunday,C02,C02-S02,C02-WA02,ST02,ST03,TRA-00371,Pantograph Interface,Catenary Inspection,Contact wire wear,4,60,HIGH,1,4.0,51,71,PENDING,NEXT_7_DAYS,TRACTION,Sunday,PENDING_REVIEW,True
REQ-00405,Traction,NORMAL,Friday,C03,C03-S03,C03-WA03,ST03,ST04,TRA-00381,Isolator,Traction Equipment Inspection,Catenary alignment issue,2,11,NORMAL,0,4.0,40,40,PENDING,NEXT_7_DAYS,TRACTION,Tuesday,PENDING_REVIEW,True
REQ-00406,Traction,NORMAL,Friday,C01,C01-S04,C01-WA04,ST01,ST02,TRA-00440,Isolator,OHE Inspection,Traction mast defect,1,36,NORMAL,7,2.0,23,64,PENDING,NEXT_7_DAYS,TRACTION,Tuesday,PENDING_REVIEW,True
REQ-00407,Traction,NORMAL,Friday,C04,C04-S04,C04-WA04,ST04,ST05,TRA-00491,Catenary,Traction Equipment Inspection,Insulator condition issue,3,31,LOW,0,1.5,10,32,PENDING,NEXT_7_DAYS,TRACTION,Tuesday,PENDING_REVIEW,True
REQ-00408,Traction,NORMAL,Friday,C02,C02-S02,C02-WA02,ST02,ST03,TRA-00499,Traction Mast,Catenary Inspection,Contact wire wear,3,66,LOW,2,1.0,63,55,PENDING,NEXT_7_DAYS,TRACTION,Tuesday,PENDING_REVIEW,True
REQ-00409,Traction,NORMAL,Monday,C03,C03-S02,C03-WA02,ST03,ST04,TRA-00490,OHE,Isolator Maintenance,OHE fitting deterioration,4,85,MEDIUM,0,1.0,43,85,PENDING,NEXT_7_DAYS,TRACTION,Saturday,PENDING_REVIEW,True
REQ-00410,Traction,URGENT,Monday,C04,C04-S03,C04-WA03,ST04,ST05,TRA-00464,Catenary,OHE Inspection,Catenary alignment issue,4,59,HIGH,2,1.0,22,55,PENDING,NEXT_7_DAYS,TRACTION,Wednesday,PENDING_REVIEW,True
REQ-00411,Traction,NORMAL,Tuesday,C02,C02-S01,C02-WA01,ST02,ST03,TRA-00468,OHE,Traction Equipment Inspection,OHE fitting deterioration,2,19,NORMAL,0,2.5,11,100,PENDING,NEXT_7_DAYS,TRACTION,Sunday,PENDING_REVIEW,True
REQ-00412,Traction,URGENT,Friday,C01,C01-S02,C01-WA02,ST01,ST02,TRA-00385,OHE,Catenary Inspection,Contact wire wear,3,67,HIGH,1,2.0,56,64,PENDING,NEXT_7_DAYS,TRACTION,Friday,PENDING_REVIEW,True
REQ-00413,Traction,NORMAL,Monday,C04,C04-S03,C04-WA03,ST04,ST05,TRA-00386,Isolator,Traction Equipment Inspection,OHE fitting deterioration,2,32,MEDIUM,0,3.0,10,51,PENDING,NEXT_7_DAYS,TRACTION,Thursday,PENDING_REVIEW,True
REQ-00414,Traction,NORMAL,Monday,C03,C03-S01,C03-WA01,ST03,ST04,TRA-00420,Traction Mast,Catenary Inspection,OHE fitting deterioration,4,45,NORMAL,1,4.0,33,47,PENDING,NEXT_7_DAYS,TRACTION,Wednesday,PENDING_REVIEW,True
REQ-00415,Traction,NORMAL,Thursday,C02,C02-S03,C02-WA03,ST02,ST03,TRA-00471,Pantograph Interface,OHE Maintenance,Catenary alignment issue,2,42,NORMAL,3,2.5,32,53,PENDING,NEXT_7_DAYS,TRACTION,Tuesday,PENDING_REVIEW,True
REQ-00416,Traction,NORMAL,Monday,C04,C04-S02,C04-WA02,ST04,ST05,TRA-00483,Pantograph Interface,Isolator Maintenance,Contact wire wear,2,56,MEDIUM,0,2.5,45,30,PENDING,NEXT_7_DAYS,TRACTION,Wednesday,PENDING_REVIEW,True
REQ-00417,Traction,NORMAL,Tuesday,C04,C04-S03,C04-WA03,ST04,ST05,TRA-00498,Catenary,Isolator Maintenance,Insulator condition issue,1,36,MEDIUM,5,1.0,10,50,PENDING,NEXT_7_DAYS,TRACTION,Wednesday,PENDING_REVIEW,True
REQ-00418,Traction,URGENT,Saturday,C02,C02-S04,C02-WA04,ST02,ST03,TRA-00446,Traction Mast,OHE Inspection,Catenary alignment issue,1,57,HIGH,1,2.0,59,36,PENDING,NEXT_7_DAYS,TRACTION,Monday,PENDING_REVIEW,True
REQ-00419,Traction,NORMAL,Saturday,C02,C02-S02,C02-WA02,ST02,ST03,TRA-00391,Traction Mast,Traction Equipment Inspection,Traction mast defect,4,60,NORMAL,7,3.0,29,81,PENDING,NEXT_7_DAYS,TRACTION,Tuesday,PENDING_REVIEW,True
REQ-00420,Traction,NORMAL,Tuesday,C03,C03-S03,C03-WA03,ST03,ST04,TRA-00459,Catenary,Isolator Maintenance,Insulator condition issue,3,56,MEDIUM,1,2.0,50,51,PENDING,NEXT_7_DAYS,TRACTION,Sunday,PENDING_REVIEW,True
