block_id,day,corridor_id,subsection_id,work_area_id,from_station,to_station,start_time,end_time,available,block_type,availability_source,derived_safe_window,safety_buffer_minutes
B-00001,Monday,C01,C01-S01,C01-WA01,ST01,ST02,00:30,03:15,1,ROUTINE_BLOCK,PLANNED_BLOCK_WINDOW,False,15
B-00002,Monday,C01,C01-S01,C01-WA01,ST01,ST02,01:00,04:00,1,ROUTINE_BLOCK,PLANNED_BLOCK_WINDOW,False,15
B-00003,Monday,C01,C01-S01,C01-WA01,ST01,ST02,02:00,04:45,1,ROUTINE_BLOCK,PLANNED_BLOCK_WINDOW,False,15
B-00004,Monday,C01,C01-S01,C01-WA01,ST01,ST02,10:30,13:15,1,ROUTINE_BLOCK,PLANNED_BLOCK_WINDOW,False,15
B-00005,Monday,C01,C01-S01,C01-WA01,ST01,ST02,13:30,16:30,1,ROUTINE_BLOCK,PLANNED_BLOCK_WINDOW,False,15
B-00006,Monday,C01,C01-S01,C01-WA01,ST01,ST02,23:00,01:45,1,ROUTINE_BLOCK,PLANNED_BLOCK_WINDOW,False,15
B-00007,Monday,C01,C01-S02,C01-WA02,ST01,ST02,00:30,03:15,1,ROUTINE_BLOCK,PLANNED_BLOCK_WINDOW,False,15
B-00008,Monday,C01,C01-S02,C01-WA02,ST01,ST02,01:00,04:00,1,ROUTINE_BLOCK,PLANNED_BLOCK_WINDOW,False,15
B-00009,Monday,C01,C01-S02,C01-WA02,ST01,ST02,02:00,04:45,0,ROUTINE_BLOCK,PLANNED_BLOCK_WINDOW,False,15
B-00010,Monday,C01,C01-S02,C01-WA02,ST01,ST02,10:30,13:15,1,ROUTINE_BLOCK,PLANNED_BLOCK_WINDOW,False,15
B-00011,Monday,C01,C01-S02,C01-WA02,ST01,ST02,13:30,16:30,1,ROUTINE_BLOCK,PLANNED_BLOCK_WINDOW,False,15
B-00012,Monday,C01,C01-S02,C01-WA02,ST01,ST02,23:00,01:45,0,ROUTINE_BLOCK,PLANNED_BLOCK_WINDOW,False,15
B-00013,Monday,C01,C01-S03,C01-WA03,ST01,ST02,00:30,03:15,1,ROUTINE_BLOCK,PLANNED_BLOCK_WINDOW,False,15
B-00014,Monday,C01,C01-S03,C01-WA03,ST01,ST02,01:00,04:00,1,ROUTINE_BLOCK,PLANNED_BLOCK_WINDOW,False,15
B-00015,Monday,C01,C01-S03,C01-WA03,ST01,ST02,02:00,04:45,1,ROUTINE_BLOCK,PLANNED_BLOCK_WINDOW,False,15
B-00016,Monday,C01,C01-S03,C01-WA03,ST01,ST02,10:30,13:15,1,ROUTINE_BLOCK,PLANNED_BLOCK_WINDOW,False,15
B-00017,Monday,C01,C01-S03,C01-WA03,ST01,ST02,13:30,16:30,0,ROUTINE_BLOCK,PLANNED_BLOCK_WINDOW,False,15
B-00018,Monday,C01,C01-S03,C01-WA03,ST01,ST02,23:00,01:45,1,ROUTINE_BLOCK,PLANNED_BLOCK_WINDOW,False,15
B-00019,Monday,C01,C01-S04,C01-WA04,ST01,ST02,00:30,03:15,1,ROUTINE_BLOCK,PLANNED_BLOCK_WINDOW,False,15
B-00020,Monday,C01,C01-S04,C01-WA04,ST01,ST02,01:00,04:00,1,ROUTINE_BLOCK,PLANNED_BLOCK_WINDOW,False,15
B-00021,Monday,C01,C01-S04,C01-WA04,ST01,ST02,02:00,04:45,1,ROUTINE_BLOCK,PLANNED_BLOCK_WINDOW,False,15
B-00022,Monday,C01,C01-S04,C01-WA04,ST01,ST02,10:30,13:15,1,ROUTINE_BLOCK,PLANNED_BLOCK_WINDOW,False,15
B-00023,Monday,C01,C01-S04,C01-WA04,ST01,ST02,13:30,16:30,1,ROUTINE_BLOCK,PLANNED_BLOCK_WINDOW,False,15
B-00024,Monday,C01,C01-S04,C01-WA04,ST01,ST02,23:00,01:45,1,ROUTINE_BLOCK,PLANNED_BLOCK_WINDOW,False,15
B-00025,Monday,C02,C02-S01,C02-WA01,ST02,ST03,00:30,03:15,1,ROUTINE_BLOCK,PLANNED_BLOCK_WINDOW,False,15
B-00026,Monday,C02,C02-S01,C02-WA01,ST02,ST03,01:00,04:00,1,ROUTINE_BLOCK,PLANNED_BLOCK_WINDOW,False,15
B-00027,Monday,C02,C02-S01,C02-WA01,ST02,ST03,02:00,04:45,1,ROUTINE_BLOCK,PLANNED_BLOCK_WINDOW,False,15
B-00028,Monday,C02,C02-S01,C02-WA01,ST02,ST03,10:30,13:15,1,ROUTINE_BLOCK,PLANNED_BLOCK_WINDOW,False,15
B-00029,Monday,C02,C02-S01,C02-WA01,ST02,ST03,13:30,16:30,1,ROUTINE_BLOCK,PLANNED_BLOCK_WINDOW,False,15
B-00030,Monday,C02,C02-S01,C02-WA01,ST02,ST03,23:00,01:45,1,ROUTINE_BLOCK,PLANNED_BLOCK_WINDOW,False,15
B-00031,Monday,C02,C02-S02,C02-WA02,ST02,ST03,00:30,03:15,1,ROUTINE_BLOCK,PLANNED_BLOCK_WINDOW,False,15
B-00032,Monday,C02,C02-S02,C02-WA02,ST02,ST03,01:00,04:00,1,ROUTINE_BLOCK,PLANNED_BLOCK_WINDOW,False,15
B-00033,Monday,C02,C02-S02,C02-WA02,ST02,ST03,02:00,04:45,1,ROUTINE_BLOCK,PLANNED_BLOCK_WINDOW,False,15
B-00034,Monday,C02,C02-S02,C02-WA02,ST02,ST03,10:30,13:15,1,ROUTINE_BLOCK,PLANNED_BLOCK_WINDOW,False,15
B-00035,Monday,C02,C02-S02,C02-WA02,ST02,ST03,13:30,16:30,1,ROUTINE_BLOCK,PLANNED_BLOCK_WINDOW,False,15
B-00036,Monday,C02,C02-S02,C02-WA02,ST02,ST03,23:00,01:45,1,ROUTINE_BLOCK,PLANNED_BLOCK_WINDOW,False,15
B-00037,Monday,C02,C02-S03,C02-WA03,ST02,ST03,00:30,03:15,1,ROUTINE_BLOCK,PLANNED_BLOCK_WINDOW,False,15
B-00038,Monday,C02,C02-S03,C02-WA03,ST02,ST03,01:00,04:00,1,ROUTINE_BLOCK,PLANNED_BLOCK_WINDOW,False,15
B-00039,Monday,C02,C02-S03,C02-WA03,ST02,ST03,02:00,04:45,1,ROUTINE_BLOCK,PLANNED_BLOCK_WINDOW,False,15
B-00040,Monday,C02,C02-S03,C02-WA03,ST02,ST03,10:30,13:15,1,ROUTINE_BLOCK,PLANNED_BLOCK_WINDOW,False,15
B-00041,Monday,C02,C02-S03,C02-WA03,ST02,ST03,13:30,16:30,1,ROUTINE_BLOCK,PLANNED_BLOCK_WINDOW,False,15
B-00042,Monday,C02,C02-S03,C02-WA03,ST02,ST03,23:00,01:45,1,ROUTINE_BLOCK,PLANNED_BLOCK_WINDOW,False,15
B-00043,Monday,C02,C02-S04,C02-WA04,ST02,ST03,00:30,03:15,1,ROUTINE_BLOCK,PLANNED_BLOCK_WINDOW,False,15
B-00044,Monday,C02,C02-S04,C02-WA04,ST02,ST03,01:00,04:00,1,ROUTINE_BLOCK,PLANNED_BLOCK_WINDOW,False,15
B-00045,Monday,C02,C02-S04,C02-WA04,ST02,ST03,02:00,04:45,1,ROUTINE_BLOCK,PLANNED_BLOCK_WINDOW,False,15
B-00046,Monday,C02,C02-S04,C02-WA04,ST02,ST03,10:30,13:15,1,ROUTINE_BLOCK,PLANNED_BLOCK_WINDOW,False,15
B-00047,Monday,C02,C02-S04,C02-WA04,ST02,ST03,13:30,16:30,0,ROUTINE_BLOCK,PLANNED_BLOCK_WINDOW,False,15
B-00048,Monday,C02,C02-S04,C02-WA04,ST02,ST03,23:00,01:45,1,ROUTINE_BLOCK,PLANNED_BLOCK_WINDOW,False,15
B-00049,Monday,C03,C03-S01,C03-WA01,ST03,ST04,00:30,03:15,1,ROUTINE_BLOCK,PLANNED_BLOCK_WINDOW,False,15
B-00050,Monday,C03,C03-S01,C03-WA01,ST03,ST04,01:00,04:00,1,ROUTINE_BLOCK,PLANNED_BLOCK_WINDOW,False,15
B-00051,Monday,C03,C03-S01,C03-WA01,ST03,ST04,02:00,04:45,1,ROUTINE_BLOCK,PLANNED_BLOCK_WINDOW,False,15
B-00052,Monday,C03,C03-S01,C03-WA01,ST03,ST04,10:30,13:15,1,ROUTINE_BLOCK,PLANNED_BLOCK_WINDOW,False,15
B-00053,Monday,C03,C03-S01,C03-WA01,ST03,ST04,13:30,16:30,1,ROUTINE_BLOCK,PLANNED_BLOCK_WINDOW,False,15
B-00054,Monday,C03,C03-S01,C03-WA01,ST03,ST04,23:00,01:45,1,ROUTINE_BLOCK,PLANNED_BLOCK_WINDOW,False,15
B-00055,Monday,C03,C03-S02,C03-WA02,ST03,ST04,00:30,03:15,1,ROUTINE_BLOCK,PLANNED_BLOCK_WINDOW,False,15
B-00056,Monday,C03,C03-S02,C03-WA02,ST03,ST04,01:00,04:00,1,ROUTINE_BLOCK,PLANNED_BLOCK_WINDOW,False,15
B-00057,Monday,C03,C03-S02,C03-WA02,ST03,ST04,02:00,04:45,1,ROUTINE_BLOCK,PLANNED_BLOCK_WINDOW,False,15
B-00058,Monday,C03,C03-S02,C03-WA02,ST03,ST04,10:30,13:15,1,ROUTINE_BLOCK,PLANNED_BLOCK_WINDOW,False,15
B-00059,Monday,C03,C03-S02,C03-WA02,ST03,ST04,13:30,16:30,1,ROUTINE_BLOCK,PLANNED_BLOCK_WINDOW,False,15
B-00060,Monday,C03,C03-S02,C03-WA02,ST03,ST04,23:00,01:45,0,ROUTINE_BLOCK,PLANNED_BLOCK_WINDOW,False,15
B-00061,Monday,C03,C03-S03,C03-WA03,ST03,ST04,00:30,03:15,0,ROUTINE_BLOCK,PLANNED_BLOCK_WINDOW,False,15
B-00062,Monday,C03,C03-S03,C03-WA03,ST03,ST04,01:00,04:00,1,ROUTINE_BLOCK,PLANNED_BLOCK_WINDOW,False,15
B-00063,Monday,C03,C03-S03,C03-WA03,ST03,ST04,02:00,04:45,1,ROUTINE_BLOCK,PLANNED_BLOCK_WINDOW,False,15
B-00064,Monday,C03,C03-S03,C03-WA03,ST03,ST04,10:30,13:15,1,ROUTINE_BLOCK,PLANNED_BLOCK_WINDOW,False,15
B-00065,Monday,C03,C03-S03,C03-WA03,ST03,ST04,13:30,16:30,1,ROUTINE_BLOCK,PLANNED_BLOCK_WINDOW,False,15
B-00066,Monday,C03,C03-S03,C03-WA03,ST03,ST04,23:00,01:45,1,ROUTINE_BLOCK,PLANNED_BLOCK_WINDOW,False,15
B-00067,Monday,C03,C03-S04,C03-WA04,ST03,ST04,00:30,03:15,1,ROUTINE_BLOCK,PLANNED_BLOCK_WINDOW,False,15
B-00068,Monday,C03,C03-S04,C03-WA04,ST03,ST04,01:00,04:00,1,ROUTINE_BLOCK,PLANNED_BLOCK_WINDOW,False,15
B-00069,Monday,C03,C03-S04,C03-WA04,ST03,ST04,02:00,04:45,1,ROUTINE_BLOCK,PLANNED_BLOCK_WINDOW,False,15
B-00070,Monday,C03,C03-S04,C03-WA04,ST03,ST04,10:30,13:15,1,ROUTINE_BLOCK,PLANNED_BLOCK_WINDOW,False,15
B-00071,Monday,C03,C03-S04,C03-WA04,ST03,ST04,13:30,16:30,1,ROUTINE_BLOCK,PLANNED_BLOCK_WINDOW,False,15
B-00072,Monday,C03,C03-S04,C03-WA04,ST03,ST04,23:00,01:45,1,ROUTINE_BLOCK,PLANNED_BLOCK_WINDOW,False,15
B-00073,Monday,C04,C04-S01,C04-WA01,ST04,ST05,00:30,03:15,1,ROUTINE_BLOCK,PLANNED_BLOCK_WINDOW,False,15
B-00074,Monday,C04,C04-S01,C04-WA01,ST04,ST05,01:00,04:00,1,ROUTINE_BLOCK,PLANNED_BLOCK_WINDOW,False,15
B-00075,Monday,C04,C04-S01,C04-WA01,ST04,ST05,02:00,04:45,1,ROUTINE_BLOCK,PLANNED_BLOCK_WINDOW,False,15
B-00076,Monday,C04,C04-S01,C04-WA01,ST04,ST05,10:30,13:15,1,ROUTINE_BLOCK,PLANNED_BLOCK_WINDOW,False,15
B-00077,Monday,C04,C04-S01,C04-WA01,ST04,ST05,13:30,16:30,1,ROUTINE_BLOCK,PLANNED_BLOCK_WINDOW,False,15
B-00078,Monday,C04,C04-S01,C04-WA01,ST04,ST05,23:00,01:45,1,ROUTINE_BLOCK,PLANNED_BLOCK_WINDOW,False,15
B-00079,Monday,C04,C04-S02,C04-WA02,ST04,ST05,00:30,03:15,1,ROUTINE_BLOCK,PLANNED_BLOCK_WINDOW,False,15
B-00080,Monday,C04,C04-S02,C04-WA02,ST04,ST05,01:00,04:00,1,ROUTINE_BLOCK,PLANNED_BLOCK_WINDOW,False,15
B-00081,Monday,C04,C04-S02,C04-WA02,ST04,ST05,02:00,04:45,1,ROUTINE_BLOCK,PLANNED_BLOCK_WINDOW,False,15
B-00082,Monday,C04,C04-S02,C04-WA02,ST04,ST05,10:30,13:15,1,ROUTINE_BLOCK,PLANNED_BLOCK_WINDOW,False,15
B-00083,Monday,C04,C04-S02,C04-WA02,ST04,ST05,13:30,16:30,1,ROUTINE_BLOCK,PLANNED_BLOCK_WINDOW,False,15
B-00084,Monday,C04,C04-S02,C04-WA02,ST04,ST05,23:00,01:45,1,ROUTINE_BLOCK,PLANNED_BLOCK_WINDOW,False,15
B-00085,Monday,C04,C04-S03,C04-WA03,ST04,ST05,00:30,03:15,1,ROUTINE_BLOCK,PLANNED_BLOCK_WINDOW,False,15
B-00086,Monday,C04,C04-S03,C04-WA03,ST04,ST05,01:00,04:00,1,ROUTINE_BLOCK,PLANNED_BLOCK_WINDOW,False,15
B-00087,Monday,C04,C04-S03,C04-WA03,ST04,ST05,02:00,04:45,1,ROUTINE_BLOCK,PLANNED_BLOCK_WINDOW,False,15
B-00088,Monday,C04,C04-S03,C04-WA03,ST04,ST05,10:30,13:15,1,ROUTINE_BLOCK,PLANNED_BLOCK_WINDOW,False,15
B-00089,Monday,C04,C04-S03,C04-WA03,ST04,ST05,13:30,16:30,1,ROUTINE_BLOCK,PLANNED_BLOCK_WINDOW,False,15
B-00090,Monday,C04,C04-S03,C04-WA03,ST04,ST05,23:00,01:45,1,ROUTINE_BLOCK,PLANNED_BLOCK_WINDOW,False,15
B-00091,Monday,C04,C04-S04,C04-WA04,ST04,ST05,00:30,03:15,0,ROUTINE_BLOCK,PLANNED_BLOCK_WINDOW,False,15
B-00092,Monday,C04,C04-S04,C04-WA04,ST04,ST05,01:00,04:00,1,ROUTINE_BLOCK,PLANNED_BLOCK_WINDOW,False,15
B-00093,Monday,C04,C04-S04,C04-WA04,ST04,ST05,02:00,04:45,1,ROUTINE_BLOCK,PLANNED_BLOCK_WINDOW,False,15
B-00094,Monday,C04,C04-S04,C04-WA04,ST04,ST05,10:30,13:15,1,ROUTINE_BLOCK,PLANNED_BLOCK_WINDOW,False,15
B-00095,Monday,C04,C04-S04,C04-WA04,ST04,ST05,13:30,16:30,1,ROUTINE_BLOCK,PLANNED_BLOCK_WINDOW,False,15
B-00096,Monday,C04,C04-S04,C04-WA04,ST04,ST05,23:00,01:45,1,ROUTINE_BLOCK,PLANNED_BLOCK_WINDOW,False,15
B-00097,Tuesday,C01,C01-S01,C01-WA01,ST01,ST02,00:30,03:15,1,ROUTINE_BLOCK,PLANNED_BLOCK_WINDOW,False,15
B-00098,Tuesday,C01,C01-S01,C01-WA01,ST01,ST02,01:00,04:00,1,ROUTINE_BLOCK,PLANNED_BLOCK_WINDOW,False,15
B-00099,Tuesday,C01,C01-S01,C01-WA01,ST01,ST02,02:00,04:45,1,ROUTINE_BLOCK,PLANNED_BLOCK_WINDOW,False,15
B-00100,Tuesday,C01,C01-S01,C01-WA01,ST01,ST02,10:30,13:15,1,ROUTINE_BLOCK,PLANNED_BLOCK_WINDOW,False,15
B-00101,Tuesday,C01,C01-S01,C01-WA01,ST01,ST02,13:30,16:30,0,ROUTINE_BLOCK,PLANNED_BLOCK_WINDOW,False,15
B-00102,Tuesday,C01,C01-S01,C01-WA01,ST01,ST02,23:00,01:45,1,ROUTINE_BLOCK,PLANNED_BLOCK_WINDOW,False,15
B-00103,Tuesday,C01,C01-S02,C01-WA02,ST01,ST02,00:30,03:15,1,ROUTINE_BLOCK,PLANNED_BLOCK_WINDOW,False,15
B-00104,Tuesday,C01,C01-S02,C01-WA02,ST01,ST02,01:00,04:00,1,ROUTINE_BLOCK,PLANNED_BLOCK_WINDOW,False,15
B-00105,Tuesday,C01,C01-S02,C01-WA02,ST01,ST02,02:00,04:45,1,ROUTINE_BLOCK,PLANNED_BLOCK_WINDOW,False,15
B-00106,Tuesday,C01,C01-S02,C01-WA02,ST01,ST02,10:30,13:15,1,ROUTINE_BLOCK,PLANNED_BLOCK_WINDOW,False,15
B-00107,Tuesday,C01,C01-S02,C01-WA02,ST01,ST02,13:30,16:30,1,ROUTINE_BLOCK,PLANNED_BLOCK_WINDOW,False,15
B-00108,Tuesday,C01,C01-S02,C01-WA02,ST01,ST02,23:00,01:45,1,ROUTINE_BLOCK,PLANNED_BLOCK_WINDOW,False,15
B-00109,Tuesday,C01,C01-S03,C01-WA03,ST01,ST02,00:30,03:15,1,ROUTINE_BLOCK,PLANNED_BLOCK_WINDOW,False,15
B-00110,Tuesday,C01,C01-S03,C01-WA03,ST01,ST02,01:00,04:00,1,ROUTINE_BLOCK,PLANNED_BLOCK_WINDOW,False,15
B-00111,Tuesday,C01,C01-S03,C01-WA03,ST01,ST02,02:00,04:45,1,ROUTINE_BLOCK,PLANNED_BLOCK_WINDOW,False,15
B-00112,Tuesday,C01,C01-S03,C01-WA03,ST01,ST02,10:30,13:15,1,ROUTINE_BLOCK,PLANNED_BLOCK_WINDOW,False,15
B-00113,Tuesday,C01,C01-S03,C01-WA03,ST01,ST02,13:30,16:30,1,ROUTINE_BLOCK,PLANNED_BLOCK_WINDOW,False,15
B-00114,Tuesday,C01,C01-S03,C01-WA03,ST01,ST02,23:00,01:45,1,ROUTINE_BLOCK,PLANNED_BLOCK_WINDOW,False,15
B-00115,Tuesday,C01,C01-S04,C01-WA04,ST01,ST02,00:30,03:15,1,ROUTINE_BLOCK,PLANNED_BLOCK_WINDOW,False,15
B-00116,Tuesday,C01,C01-S04,C01-WA04,ST01,ST02,01:00,04:00,1,ROUTINE_BLOCK,PLANNED_BLOCK_WINDOW,False,15
B-00117,Tuesday,C01,C01-S04,C01-WA04,ST01,ST02,02:00,04:45,1,ROUTINE_BLOCK,PLANNED_BLOCK_WINDOW,False,15
B-00118,Tuesday,C01,C01-S04,C01-WA04,ST01,ST02,10:30,13:15,1,ROUTINE_BLOCK,PLANNED_BLOCK_WINDOW,False,15
B-00119,Tuesday,C01,C01-S04,C01-WA04,ST01,ST02,13:30,16:30,1,ROUTINE_BLOCK,PLANNED_BLOCK_WINDOW,False,15
B-00120,Tuesday,C01,C01-S04,C01-WA04,ST01,ST02,23:00,01:45,1,ROUTINE_BLOCK,PLANNED_BLOCK_WINDOW,False,15
B-00121,Tuesday,C02,C02-S01,C02-WA01,ST02,ST03,00:30,03:15,1,ROUTINE_BLOCK,PLANNED_BLOCK_WINDOW,False,15
B-00122,Tuesday,C02,C02-S01,C02-WA01,ST02,ST03,01:00,04:00,1,ROUTINE_BLOCK,PLANNED_BLOCK_WINDOW,False,15
B-00123,Tuesday,C02,C02-S01,C02-WA01,ST02,ST03,02:00,04:45,1,ROUTINE_BLOCK,PLANNED_BLOCK_WINDOW,False,15
B-00124,Tuesday,C02,C02-S01,C02-WA01,ST02,ST03,10:30,13:15,1,ROUTINE_BLOCK,PLANNED_BLOCK_WINDOW,False,15
B-00125,Tuesday,C02,C02-S01,C02-WA01,ST02,ST03,13:30,16:30,1,ROUTINE_BLOCK,PLANNED_BLOCK_WINDOW,False,15
B-00126,Tuesday,C02,C02-S01,C02-WA01,ST02,ST03,23:00,01:45,1,ROUTINE_BLOCK,PLANNED_BLOCK_WINDOW,False,15
B-00127,Tuesday,C02,C02-S02,C02-WA02,ST02,ST03,00:30,03:15,1,ROUTINE_BLOCK,PLANNED_BLOCK_WINDOW,False,15
B-00128,Tuesday,C02,C02-S02,C02-WA02,ST02,ST03,01:00,04:00,1,ROUTINE_BLOCK,PLANNED_BLOCK_WINDOW,False,15
B-00129,Tuesday,C02,C02-S02,C02-WA02,ST02,ST03,02:00,04:45,1,ROUTINE_BLOCK,PLANNED_BLOCK_WINDOW,False,15
B-00130,Tuesday,C02,C02-S02,C02-WA02,ST02,ST03,10:30,13:15,1,ROUTINE_BLOCK,PLANNED_BLOCK_WINDOW,False,15
B-00131,Tuesday,C02,C02-S02,C02-WA02,ST02,ST03,13:30,16:30,1,ROUTINE_BLOCK,PLANNED_BLOCK_WINDOW,False,15
B-00132,Tuesday,C02,C02-S02,C02-WA02,ST02,ST03,23:00,01:45,1,ROUTINE_BLOCK,PLANNED_BLOCK_WINDOW,False,15
B-00133,Tuesday,C02,C02-S03,C02-WA03,ST02,ST03,00:30,03:15,1,ROUTINE_BLOCK,PLANNED_BLOCK_WINDOW,False,15
B-00134,Tuesday,C02,C02-S03,C02-WA03,ST02,ST03,01:00,04:00,1,ROUTINE_BLOCK,PLANNED_BLOCK_WINDOW,False,15
B-00135,Tuesday,C02,C02-S03,C02-WA03,ST02,ST03,02:00,04:45,1,ROUTINE_BLOCK,PLANNED_BLOCK_WINDOW,False,15
B-00136,Tuesday,C02,C02-S03,C02-WA03,ST02,ST03,10:30,13:15,1,ROUTINE_BLOCK,PLANNED_BLOCK_WINDOW,False,15
B-00137,Tuesday,C02,C02-S03,C02-WA03,ST02,ST03,13:30,16:30,1,ROUTINE_BLOCK,PLANNED_BLOCK_WINDOW,False,15
B-00138,Tuesday,C02,C02-S03,C02-WA03,ST02,ST03,23:00,01:45,1,ROUTINE_BLOCK,PLANNED_BLOCK_WINDOW,False,15
B-00139,Tuesday,C02,C02-S04,C02-WA04,ST02,ST03,00:30,03:15,1,ROUTINE_BLOCK,PLANNED_BLOCK_WINDOW,False,15
B-00140,Tuesday,C02,C02-S04,C02-WA04,ST02,ST03,01:00,04:00,0,ROUTINE_BLOCK,PLANNED_BLOCK_WINDOW,False,15
B-00141,Tuesday,C02,C02-S04,C02-WA04,ST02,ST03,02:00,04:45,1,ROUTINE_BLOCK,PLANNED_BLOCK_WINDOW,False,15
B-00142,Tuesday,C02,C02-S04,C02-WA04,ST02,ST03,10:30,13:15,1,ROUTINE_BLOCK,PLANNED_BLOCK_WINDOW,False,15
B-00143,Tuesday,C02,C02-S04,C02-WA04,ST02,ST03,13:30,16:30,1,ROUTINE_BLOCK,PLANNED_BLOCK_WINDOW,False,15
B-00144,Tuesday,C02,C02-S04,C02-WA04,ST02,ST03,23:00,01:45,1,ROUTINE_BLOCK,PLANNED_BLOCK_WINDOW,False,15
B-00145,Tuesday,C03,C03-S01,C03-WA01,ST03,ST04,00:30,03:15,0,ROUTINE_BLOCK,PLANNED_BLOCK_WINDOW,False,15
B-00146,Tuesday,C03,C03-S01,C03-WA01,ST03,ST04,01:00,04:00,1,ROUTINE_BLOCK,PLANNED_BLOCK_WINDOW,False,15
B-00147,Tuesday,C03,C03-S01,C03-WA01,ST03,ST04,02:00,04:45,1,ROUTINE_BLOCK,PLANNED_BLOCK_WINDOW,False,15
B-00148,Tuesday,C03,C03-S01,C03-WA01,ST03,ST04,10:30,13:15,1,ROUTINE_BLOCK,PLANNED_BLOCK_WINDOW,False,15
B-00149,Tuesday,C03,C03-S01,C03-WA01,ST03,ST04,13:30,16:30,1,ROUTINE_BLOCK,PLANNED_BLOCK_WINDOW,False,15
B-00150,Tuesday,C03,C03-S01,C03-WA01,ST03,ST04,23:00,01:45,1,ROUTINE_BLOCK,PLANNED_BLOCK_WINDOW,False,15
B-00151,Tuesday,C03,C03-S02,C03-WA02,ST03,ST04,00:30,03:15,1,ROUTINE_BLOCK,PLANNED_BLOCK_WINDOW,False,15
B-00152,Tuesday,C03,C03-S02,C03-WA02,ST03,ST04,01:00,04:00,0,ROUTINE_BLOCK,PLANNED_BLOCK_WINDOW,False,15
B-00153,Tuesday,C03,C03-S02,C03-WA02,ST03,ST04,02:00,04:45,1,ROUTINE_BLOCK,PLANNED_BLOCK_WINDOW,False,15
B-00154,Tuesday,C03,C03-S02,C03-WA02,ST03,ST04,10:30,13:15,1,ROUTINE_BLOCK,PLANNED_BLOCK_WINDOW,False,15
B-00155,Tuesday,C03,C03-S02,C03-WA02,ST03,ST04,13:30,16:30,1,ROUTINE_BLOCK,PLANNED_BLOCK_WINDOW,False,15
B-00156,Tuesday,C03,C03-S02,C03-WA02,ST03,ST04,23:00,01:45,1,ROUTINE_BLOCK,PLANNED_BLOCK_WINDOW,False,15
B-00157,Tuesday,C03,C03-S03,C03-WA03,ST03,ST04,00:30,03:15,1,ROUTINE_BLOCK,PLANNED_BLOCK_WINDOW,False,15
B-00158,Tuesday,C03,C03-S03,C03-WA03,ST03,ST04,01:00,04:00,1,ROUTINE_BLOCK,PLANNED_BLOCK_WINDOW,False,15
B-00159,Tuesday,C03,C03-S03,C03-WA03,ST03,ST04,02:00,04:45,1,ROUTINE_BLOCK,PLANNED_BLOCK_WINDOW,False,15
B-00160,Tuesday,C03,C03-S03,C03-WA03,ST03,ST04,10:30,13:15,0,ROUTINE_BLOCK,PLANNED_BLOCK_WINDOW,False,15
B-00161,Tuesday,C03,C03-S03,C03-WA03,ST03,ST04,13:30,16:30,1,ROUTINE_BLOCK,PLANNED_BLOCK_WINDOW,False,15
B-00162,Tuesday,C03,C03-S03,C03-WA03,ST03,ST04,23:00,01:45,0,ROUTINE_BLOCK,PLANNED_BLOCK_WINDOW,False,15
B-00163,Tuesday,C03,C03-S04,C03-WA04,ST03,ST04,00:30,03:15,1,ROUTINE_BLOCK,PLANNED_BLOCK_WINDOW,False,15
B-00164,Tuesday,C03,C03-S04,C03-WA04,ST03,ST04,01:00,04:00,1,ROUTINE_BLOCK,PLANNED_BLOCK_WINDOW,False,15
B-00165,Tuesday,C03,C03-S04,C03-WA04,ST03,ST04,02:00,04:45,1,ROUTINE_BLOCK,PLANNED_BLOCK_WINDOW,False,15
B-00166,Tuesday,C03,C03-S04,C03-WA04,ST03,ST04,10:30,13:15,1,ROUTINE_BLOCK,PLANNED_BLOCK_WINDOW,False,15
B-00167,Tuesday,C03,C03-S04,C03-WA04,ST03,ST04,13:30,16:30,1,ROUTINE_BLOCK,PLANNED_BLOCK_WINDOW,False,15
B-00168,Tuesday,C03,C03-S04,C03-WA04,ST03,ST04,23:00,01:45,1,ROUTINE_BLOCK,PLANNED_BLOCK_WINDOW,False,15
B-00169,Tuesday,C04,C04-S01,C04-WA01,ST04,ST05,00:30,03:15,1,ROUTINE_BLOCK,PLANNED_BLOCK_WINDOW,False,15
B-00170,Tuesday,C04,C04-S01,C04-WA01,ST04,ST05,01:00,04:00,1,ROUTINE_BLOCK,PLANNED_BLOCK_WINDOW,False,15
B-00171,Tuesday,C04,C04-S01,C04-WA01,ST04,ST05,02:00,04:45,1,ROUTINE_BLOCK,PLANNED_BLOCK_WINDOW,False,15
B-00172,Tuesday,C04,C04-S01,C04-WA01,ST04,ST05,10:30,13:15,1,ROUTINE_BLOCK,PLANNED_BLOCK_WINDOW,False,15
B-00173,Tuesday,C04,C04-S01,C04-WA01,ST04,ST05,13:30,16:30,1,ROUTINE_BLOCK,PLANNED_BLOCK_WINDOW,False,15
B-00174,Tuesday,C04,C04-S01,C04-WA01,ST04,ST05,23:00,01:45,1,ROUTINE_BLOCK,PLANNED_BLOCK_WINDOW,False,15
B-00175,Tuesday,C04,C04-S02,C04-WA02,ST04,ST05,00:30,03:15,1,ROUTINE_BLOCK,PLANNED_BLOCK_WINDOW,False,15
B-00176,Tuesday,C04,C04-S02,C04-WA02,ST04,ST05,01:00,04:00,1,ROUTINE_BLOCK,PLANNED_BLOCK_WINDOW,False,15
B-00177,Tuesday,C04,C04-S02,C04-WA02,ST04,ST05,02:00,04:45,1,ROUTINE_BLOCK,PLANNED_BLOCK_WINDOW,False,15
B-00178,Tuesday,C04,C04-S02,C04-WA02,ST04,ST05,10:30,13:15,1,ROUTINE_BLOCK,PLANNED_BLOCK_WINDOW,False,15
B-00179,Tuesday,C04,C04-S02,C04-WA02,ST04,ST05,13:30,16:30,1,ROUTINE_BLOCK,PLANNED_BLOCK_WINDOW,False,15
B-00180,Tuesday,C04,C04-S02,C04-WA02,ST04,ST05,23:00,01:45,1,ROUTINE_BLOCK,PLANNED_BLOCK_WINDOW,False,15
B-00181,Tuesday,C04,C04-S03,C04-WA03,ST04,ST05,00:30,03:15,1,ROUTINE_BLOCK,PLANNED_BLOCK_WINDOW,False,15
B-00182,Tuesday,C04,C04-S03,C04-WA03,ST04,ST05,01:00,04:00,1,ROUTINE_BLOCK,PLANNED_BLOCK_WINDOW,False,15
B-00183,Tuesday,C04,C04-S03,C04-WA03,ST04,ST05,02:00,04:45,1,ROUTINE_BLOCK,PLANNED_BLOCK_WINDOW,False,15
B-00184,Tuesday,C04,C04-S03,C04-WA03,ST04,ST05,10:30,13:15,1,ROUTINE_BLOCK,PLANNED_BLOCK_WINDOW,False,15
B-00185,Tuesday,C04,C04-S03,C04-WA03,ST04,ST05,13:30,16:30,1,ROUTINE_BLOCK,PLANNED_BLOCK_WINDOW,False,15
B-00186,Tuesday,C04,C04-S03,C04-WA03,ST04,ST05,23:00,01:45,0,ROUTINE_BLOCK,PLANNED_BLOCK_WINDOW,False,15
B-00187,Tuesday,C04,C04-S04,C04-WA04,ST04,ST05,00:30,03:15,1,ROUTINE_BLOCK,PLANNED_BLOCK_WINDOW,False,15
B-00188,Tuesday,C04,C04-S04,C04-WA04,ST04,ST05,01:00,04:00,1,ROUTINE_BLOCK,PLANNED_BLOCK_WINDOW,False,15
B-00189,Tuesday,C04,C04-S04,C04-WA04,ST04,ST05,02:00,04:45,0,ROUTINE_BLOCK,PLANNED_BLOCK_WINDOW,False,15
B-00190,Tuesday,C04,C04-S04,C04-WA04,ST04,ST05,10:30,13:15,1,ROUTINE_BLOCK,PLANNED_BLOCK_WINDOW,False,15
B-00191,Tuesday,C04,C04-S04,C04-WA04,ST04,ST05,13:30,16:30,1,ROUTINE_BLOCK,PLANNED_BLOCK_WINDOW,False,15
B-00192,Tuesday,C04,C04-S04,C04-WA04,ST04,ST05,23:00,01:45,1,ROUTINE_BLOCK,PLANNED_BLOCK_WINDOW,False,15
B-00193,Wednesday,C01,C01-S01,C01-WA01,ST01,ST02,00:30,03:15,1,ROUTINE_BLOCK,PLANNED_BLOCK_WINDOW,False,15
B-00194,Wednesday,C01,C01-S01,C01-WA01,ST01,ST02,01:00,04:00,1,ROUTINE_BLOCK,PLANNED_BLOCK_WINDOW,False,15
B-00195,Wednesday,C01,C01-S01,C01-WA01,ST01,ST02,02:00,04:45,0,ROUTINE_BLOCK,PLANNED_BLOCK_WINDOW,False,15
B-00196,Wednesday,C01,C01-S01,C01-WA01,ST01,ST02,10:30,13:15,1,ROUTINE_BLOCK,PLANNED_BLOCK_WINDOW,False,15
B-00197,Wednesday,C01,C01-S01,C01-WA01,ST01,ST02,13:30,16:30,1,ROUTINE_BLOCK,PLANNED_BLOCK_WINDOW,False,15
B-00198,Wednesday,C01,C01-S01,C01-WA01,ST01,ST02,23:00,01:45,1,ROUTINE_BLOCK,PLANNED_BLOCK_WINDOW,False,15
B-00199,Wednesday,C01,C01-S02,C01-WA02,ST01,ST02,00:30,03:15,1,ROUTINE_BLOCK,PLANNED_BLOCK_WINDOW,False,15
B-00200,Wednesday,C01,C01-S02,C01-WA02,ST01,ST02,01:00,04:00,1,ROUTINE_BLOCK,PLANNED_BLOCK_WINDOW,False,15
B-00201,Wednesday,C01,C01-S02,C01-WA02,ST01,ST02,02:00,04:45,1,ROUTINE_BLOCK,PLANNED_BLOCK_WINDOW,False,15
B-00202,Wednesday,C01,C01-S02,C01-WA02,ST01,ST02,10:30,13:15,1,ROUTINE_BLOCK,PLANNED_BLOCK_WINDOW,False,15
B-00203,Wednesday,C01,C01-S02,C01-WA02,ST01,ST02,13:30,16:30,1,ROUTINE_BLOCK,PLANNED_BLOCK_WINDOW,False,15
B-00204,Wednesday,C01,C01-S02,C01-WA02,ST01,ST02,23:00,01:45,1,ROUTINE_BLOCK,PLANNED_BLOCK_WINDOW,False,15
B-00205,Wednesday,C01,C01-S03,C01-WA03,ST01,ST02,00:30,03:15,1,ROUTINE_BLOCK,PLANNED_BLOCK_WINDOW,False,15
B-00206,Wednesday,C01,C01-S03,C01-WA03,ST01,ST02,01:00,04:00,1,ROUTINE_BLOCK,PLANNED_BLOCK_WINDOW,False,15
B-00207,Wednesday,C01,C01-S03,C01-WA03,ST01,ST02,02:00,04:45,1,ROUTINE_BLOCK,PLANNED_BLOCK_WINDOW,False,15
B-00208,Wednesday,C01,C01-S03,C01-WA03,ST01,ST02,10:30,13:15,1,ROUTINE_BLOCK,PLANNED_BLOCK_WINDOW,False,15
B-00209,Wednesday,C01,C01-S03,C01-WA03,ST01,ST02,13:30,16:30,1,ROUTINE_BLOCK,PLANNED_BLOCK_WINDOW,False,15
B-00210,Wednesday,C01,C01-S03,C01-WA03,ST01,ST02,23:00,01:45,1,ROUTINE_BLOCK,PLANNED_BLOCK_WINDOW,False,15
B-00211,Wednesday,C01,C01-S04,C01-WA04,ST01,ST02,00:30,03:15,1,ROUTINE_BLOCK,PLANNED_BLOCK_WINDOW,False,15
B-00212,Wednesday,C01,C01-S04,C01-WA04,ST01,ST02,01:00,04:00,1,ROUTINE_BLOCK,PLANNED_BLOCK_WINDOW,False,15
B-00213,Wednesday,C01,C01-S04,C01-WA04,ST01,ST02,02:00,04:45,1,ROUTINE_BLOCK,PLANNED_BLOCK_WINDOW,False,15
B-00214,Wednesday,C01,C01-S04,C01-WA04,ST01,ST02,10:30,13:15,1,ROUTINE_BLOCK,PLANNED_BLOCK_WINDOW,False,15
B-00215,Wednesday,C01,C01-S04,C01-WA04,ST01,ST02,13:30,16:30,1,ROUTINE_BLOCK,PLANNED_BLOCK_WINDOW,False,15
B-00216,Wednesday,C01,C01-S04,C01-WA04,ST01,ST02,23:00,01:45,1,ROUTINE_BLOCK,PLANNED_BLOCK_WINDOW,False,15
B-00217,Wednesday,C02,C02-S01,C02-WA01,ST02,ST03,00:30,03:15,1,ROUTINE_BLOCK,PLANNED_BLOCK_WINDOW,False,15
B-00218,Wednesday,C02,C02-S01,C02-WA01,ST02,ST03,01:00,04:00,1,ROUTINE_BLOCK,PLANNED_BLOCK_WINDOW,False,15
B-00219,Wednesday,C02,C02-S01,C02-WA01,ST02,ST03,02:00,04:45,1,ROUTINE_BLOCK,PLANNED_BLOCK_WINDOW,False,15
B-00220,Wednesday,C02,C02-S01,C02-WA01,ST02,ST03,10:30,13:15,0,ROUTINE_BLOCK,PLANNED_BLOCK_WINDOW,False,15
B-00221,Wednesday,C02,C02-S01,C02-WA01,ST02,ST03,13:30,16:30,0,ROUTINE_BLOCK,PLANNED_BLOCK_WINDOW,False,15
B-00222,Wednesday,C02,C02-S01,C02-WA01,ST02,ST03,23:00,01:45,0,ROUTINE_BLOCK,PLANNED_BLOCK_WINDOW,False,15
B-00223,Wednesday,C02,C02-S02,C02-WA02,ST02,ST03,00:30,03:15,1,ROUTINE_BLOCK,PLANNED_BLOCK_WINDOW,False,15
B-00224,Wednesday,C02,C02-S02,C02-WA02,ST02,ST03,01:00,04:00,1,ROUTINE_BLOCK,PLANNED_BLOCK_WINDOW,False,15
B-00225,Wednesday,C02,C02-S02,C02-WA02,ST02,ST03,02:00,04:45,1,ROUTINE_BLOCK,PLANNED_BLOCK_WINDOW,False,15
B-00226,Wednesday,C02,C02-S02,C02-WA02,ST02,ST03,10:30,13:15,1,ROUTINE_BLOCK,PLANNED_BLOCK_WINDOW,False,15
B-00227,Wednesday,C02,C02-S02,C02-WA02,ST02,ST03,13:30,16:30,1,ROUTINE_BLOCK,PLANNED_BLOCK_WINDOW,False,15
B-00228,Wednesday,C02,C02-S02,C02-WA02,ST02,ST03,23:00,01:45,1,ROUTINE_BLOCK,PLANNED_BLOCK_WINDOW,False,15
B-00229,Wednesday,C02,C02-S03,C02-WA03,ST02,ST03,00:30,03:15,1,ROUTINE_BLOCK,PLANNED_BLOCK_WINDOW,False,15
B-00230,Wednesday,C02,C02-S03,C02-WA03,ST02,ST03,01:00,04:00,1,ROUTINE_BLOCK,PLANNED_BLOCK_WINDOW,False,15
B-00231,Wednesday,C02,C02-S03,C02-WA03,ST02,ST03,02:00,04:45,1,ROUTINE_BLOCK,PLANNED_BLOCK_WINDOW,False,15
B-00232,Wednesday,C02,C02-S03,C02-WA03,ST02,ST03,10:30,13:15,1,ROUTINE_BLOCK,PLANNED_BLOCK_WINDOW,False,15
B-00233,Wednesday,C02,C02-S03,C02-WA03,ST02,ST03,13:30,16:30,1,ROUTINE_BLOCK,PLANNED_BLOCK_WINDOW,False,15
B-00234,Wednesday,C02,C02-S03,C02-WA03,ST02,ST03,23:00,01:45,1,ROUTINE_BLOCK,PLANNED_BLOCK_WINDOW,False,15
B-00235,Wednesday,C02,C02-S04,C02-WA04,ST02,ST03,00:30,03:15,1,ROUTINE_BLOCK,PLANNED_BLOCK_WINDOW,False,15
B-00236,Wednesday,C02,C02-S04,C02-WA04,ST02,ST03,01:00,04:00,1,ROUTINE_BLOCK,PLANNED_BLOCK_WINDOW,False,15
B-00237,Wednesday,C02,C02-S04,C02-WA04,ST02,ST03,02:00,04:45,1,ROUTINE_BLOCK,PLANNED_BLOCK_WINDOW,False,15
B-00238,Wednesday,C02,C02-S04,C02-WA04,ST02,ST03,10:30,13:15,1,ROUTINE_BLOCK,PLANNED_BLOCK_WINDOW,False,15
B-00239,Wednesday,C02,C02-S04,C02-WA04,ST02,ST03,13:30,16:30,1,ROUTINE_BLOCK,PLANNED_BLOCK_WINDOW,False,15
B-00240,Wednesday,C02,C02-S04,C02-WA04,ST02,ST03,23:00,01:45,1,ROUTINE_BLOCK,PLANNED_BLOCK_WINDOW,False,15
B-00241,Wednesday,C03,C03-S01,C03-WA01,ST03,ST04,00:30,03:15,1,ROUTINE_BLOCK,PLANNED_BLOCK_WINDOW,False,15
B-00242,Wednesday,C03,C03-S01,C03-WA01,ST03,ST04,01:00,04:00,1,ROUTINE_BLOCK,PLANNED_BLOCK_WINDOW,False,15
B-00243,Wednesday,C03,C03-S01,C03-WA01,ST03,ST04,02:00,04:45,1,ROUTINE_BLOCK,PLANNED_BLOCK_WINDOW,False,15
B-00244,Wednesday,C03,C03-S01,C03-WA01,ST03,ST04,10:30,13:15,0,ROUTINE_BLOCK,PLANNED_BLOCK_WINDOW,False,15
B-00245,Wednesday,C03,C03-S01,C03-WA01,ST03,ST04,13:30,16:30,1,ROUTINE_BLOCK,PLANNED_BLOCK_WINDOW,False,15
B-00246,Wednesday,C03,C03-S01,C03-WA01,ST03,ST04,23:00,01:45,1,ROUTINE_BLOCK,PLANNED_BLOCK_WINDOW,False,15
B-00247,Wednesday,C03,C03-S02,C03-WA02,ST03,ST04,00:30,03:15,1,ROUTINE_BLOCK,PLANNED_BLOCK_WINDOW,False,15
B-00248,Wednesday,C03,C03-S02,C03-WA02,ST03,ST04,01:00,04:00,1,ROUTINE_BLOCK,PLANNED_BLOCK_WINDOW,False,15
B-00249,Wednesday,C03,C03-S02,C03-WA02,ST03,ST04,02:00,04:45,1,ROUTINE_BLOCK,PLANNED_BLOCK_WINDOW,False,15
B-00250,Wednesday,C03,C03-S02,C03-WA02,ST03,ST04,10:30,13:15,1,ROUTINE_BLOCK,PLANNED_BLOCK_WINDOW,False,15
B-00251,Wednesday,C03,C03-S02,C03-WA02,ST03,ST04,13:30,16:30,1,ROUTINE_BLOCK,PLANNED_BLOCK_WINDOW,False,15
B-00252,Wednesday,C03,C03-S02,C03-WA02,ST03,ST04,23:00,01:45,0,ROUTINE_BLOCK,PLANNED_BLOCK_WINDOW,False,15
B-00253,Wednesday,C03,C03-S03,C03-WA03,ST03,ST04,00:30,03:15,1,ROUTINE_BLOCK,PLANNED_BLOCK_WINDOW,False,15
B-00254,Wednesday,C03,C03-S03,C03-WA03,ST03,ST04,01:00,04:00,1,ROUTINE_BLOCK,PLANNED_BLOCK_WINDOW,False,15
B-00255,Wednesday,C03,C03-S03,C03-WA03,ST03,ST04,02:00,04:45,1,ROUTINE_BLOCK,PLANNED_BLOCK_WINDOW,False,15
B-00256,Wednesday,C03,C03-S03,C03-WA03,ST03,ST04,10:30,13:15,1,ROUTINE_BLOCK,PLANNED_BLOCK_WINDOW,False,15
B-00257,Wednesday,C03,C03-S03,C03-WA03,ST03,ST04,13:30,16:30,1,ROUTINE_BLOCK,PLANNED_BLOCK_WINDOW,False,15
B-00258,Wednesday,C03,C03-S03,C03-WA03,ST03,ST04,23:00,01:45,1,ROUTINE_BLOCK,PLANNED_BLOCK_WINDOW,False,15
B-00259,Wednesday,C03,C03-S04,C03-WA04,ST03,ST04,00:30,03:15,1,ROUTINE_BLOCK,PLANNED_BLOCK_WINDOW,False,15
B-00260,Wednesday,C03,C03-S04,C03-WA04,ST03,ST04,01:00,04:00,1,ROUTINE_BLOCK,PLANNED_BLOCK_WINDOW,False,15
B-00261,Wednesday,C03,C03-S04,C03-WA04,ST03,ST04,02:00,04:45,0,ROUTINE_BLOCK,PLANNED_BLOCK_WINDOW,False,15
B-00262,Wednesday,C03,C03-S04,C03-WA04,ST03,ST04,10:30,13:15,1,ROUTINE_BLOCK,PLANNED_BLOCK_WINDOW,False,15
B-00263,Wednesday,C03,C03-S04,C03-WA04,ST03,ST04,13:30,16:30,1,ROUTINE_BLOCK,PLANNED_BLOCK_WINDOW,False,15
B-00264,Wednesday,C03,C03-S04,C03-WA04,ST03,ST04,23:00,01:45,1,ROUTINE_BLOCK,PLANNED_BLOCK_WINDOW,False,15
B-00265,Wednesday,C04,C04-S01,C04-WA01,ST04,ST05,00:30,03:15,1,ROUTINE_BLOCK,PLANNED_BLOCK_WINDOW,False,15
B-00266,Wednesday,C04,C04-S01,C04-WA01,ST04,ST05,01:00,04:00,1,ROUTINE_BLOCK,PLANNED_BLOCK_WINDOW,False,15
B-00267,Wednesday,C04,C04-S01,C04-WA01,ST04,ST05,02:00,04:45,1,ROUTINE_BLOCK,PLANNED_BLOCK_WINDOW,False,15
B-00268,Wednesday,C04,C04-S01,C04-WA01,ST04,ST05,10:30,13:15,1,ROUTINE_BLOCK,PLANNED_BLOCK_WINDOW,False,15
B-00269,Wednesday,C04,C04-S01,C04-WA01,ST04,ST05,13:30,16:30,1,ROUTINE_BLOCK,PLANNED_BLOCK_WINDOW,False,15
B-00270,Wednesday,C04,C04-S01,C04-WA01,ST04,ST05,23:00,01:45,1,ROUTINE_BLOCK,PLANNED_BLOCK_WINDOW,False,15
B-00271,Wednesday,C04,C04-S02,C04-WA02,ST04,ST05,00:30,03:15,1,ROUTINE_BLOCK,PLANNED_BLOCK_WINDOW,False,15
B-00272,Wednesday,C04,C04-S02,C04-WA02,ST04,ST05,01:00,04:00,1,ROUTINE_BLOCK,PLANNED_BLOCK_WINDOW,False,15
B-00273,Wednesday,C04,C04-S02,C04-WA02,ST04,ST05,02:00,04:45,1,ROUTINE_BLOCK,PLANNED_BLOCK_WINDOW,False,15
B-00274,Wednesday,C04,C04-S02,C04-WA02,ST04,ST05,10:30,13:15,1,ROUTINE_BLOCK,PLANNED_BLOCK_WINDOW,False,15
B-00275,Wednesday,C04,C04-S02,C04-WA02,ST04,ST05,13:30,16:30,1,ROUTINE_BLOCK,PLANNED_BLOCK_WINDOW,False,15
B-00276,Wednesday,C04,C04-S02,C04-WA02,ST04,ST05,23:00,01:45,1,ROUTINE_BLOCK,PLANNED_BLOCK_WINDOW,False,15
B-00277,Wednesday,C04,C04-S03,C04-WA03,ST04,ST05,00:30,03:15,1,ROUTINE_BLOCK,PLANNED_BLOCK_WINDOW,False,15
B-00278,Wednesday,C04,C04-S03,C04-WA03,ST04,ST05,01:00,04:00,1,ROUTINE_BLOCK,PLANNED_BLOCK_WINDOW,False,15
B-00279,Wednesday,C04,C04-S03,C04-WA03,ST04,ST05,02:00,04:45,1,ROUTINE_BLOCK,PLANNED_BLOCK_WINDOW,False,15
B-00280,Wednesday,C04,C04-S03,C04-WA03,ST04,ST05,10:30,13:15,1,ROUTINE_BLOCK,PLANNED_BLOCK_WINDOW,False,15
B-00281,Wednesday,C04,C04-S03,C04-WA03,ST04,ST05,13:30,16:30,1,ROUTINE_BLOCK,PLANNED_BLOCK_WINDOW,False,15
B-00282,Wednesday,C04,C04-S03,C04-WA03,ST04,ST05,23:00,01:45,1,ROUTINE_BLOCK,PLANNED_BLOCK_WINDOW,False,15
B-00283,Wednesday,C04,C04-S04,C04-WA04,ST04,ST05,00:30,03:15,1,ROUTINE_BLOCK,PLANNED_BLOCK_WINDOW,False,15
B-00284,Wednesday,C04,C04-S04,C04-WA04,ST04,ST05,01:00,04:00,1,ROUTINE_BLOCK,PLANNED_BLOCK_WINDOW,False,15
B-00285,Wednesday,C04,C04-S04,C04-WA04,ST04,ST05,02:00,04:45,1,ROUTINE_BLOCK,PLANNED_BLOCK_WINDOW,False,15
B-00286,Wednesday,C04,C04-S04,C04-WA04,ST04,ST05,10:30,13:15,1,ROUTINE_BLOCK,PLANNED_BLOCK_WINDOW,False,15
B-00287,Wednesday,C04,C04-S04,C04-WA04,ST04,ST05,13:30,16:30,1,ROUTINE_BLOCK,PLANNED_BLOCK_WINDOW,False,15
B-00288,Wednesday,C04,C04-S04,C04-WA04,ST04,ST05,23:00,01:45,0,ROUTINE_BLOCK,PLANNED_BLOCK_WINDOW,False,15
B-00289,Thursday,C01,C01-S01,C01-WA01,ST01,ST02,00:30,03:15,1,ROUTINE_BLOCK,PLANNED_BLOCK_WINDOW,False,15
B-00290,Thursday,C01,C01-S01,C01-WA01,ST01,ST02,01:00,04:00,1,ROUTINE_BLOCK,PLANNED_BLOCK_WINDOW,False,15
B-00291,Thursday,C01,C01-S01,C01-WA01,ST01,ST02,02:00,04:45,1,ROUTINE_BLOCK,PLANNED_BLOCK_WINDOW,False,15
B-00292,Thursday,C01,C01-S01,C01-WA01,ST01,ST02,10:30,13:15,1,ROUTINE_BLOCK,PLANNED_BLOCK_WINDOW,False,15
B-00293,Thursday,C01,C01-S01,C01-WA01,ST01,ST02,13:30,16:30,1,ROUTINE_BLOCK,PLANNED_BLOCK_WINDOW,False,15
B-00294,Thursday,C01,C01-S01,C01-WA01,ST01,ST02,23:00,01:45,0,ROUTINE_BLOCK,PLANNED_BLOCK_WINDOW,False,15
B-00295,Thursday,C01,C01-S02,C01-WA02,ST01,ST02,00:30,03:15,1,ROUTINE_BLOCK,PLANNED_BLOCK_WINDOW,False,15
B-00296,Thursday,C01,C01-S02,C01-WA02,ST01,ST02,01:00,04:00,0,ROUTINE_BLOCK,PLANNED_BLOCK_WINDOW,False,15
B-00297,Thursday,C01,C01-S02,C01-WA02,ST01,ST02,02:00,04:45,1,ROUTINE_BLOCK,PLANNED_BLOCK_WINDOW,False,15
B-00298,Thursday,C01,C01-S02,C01-WA02,ST01,ST02,10:30,13:15,1,ROUTINE_BLOCK,PLANNED_BLOCK_WINDOW,False,15
B-00299,Thursday,C01,C01-S02,C01-WA02,ST01,ST02,13:30,16:30,1,ROUTINE_BLOCK,PLANNED_BLOCK_WINDOW,False,15
B-00300,Thursday,C01,C01-S02,C01-WA02,ST01,ST02,23:00,01:45,1,ROUTINE_BLOCK,PLANNED_BLOCK_WINDOW,False,15
B-00301,Thursday,C01,C01-S03,C01-WA03,ST01,ST02,00:30,03:15,1,ROUTINE_BLOCK,PLANNED_BLOCK_WINDOW,False,15
B-00302,Thursday,C01,C01-S03,C01-WA03,ST01,ST02,01:00,04:00,1,ROUTINE_BLOCK,PLANNED_BLOCK_WINDOW,False,15
B-00303,Thursday,C01,C01-S03,C01-WA03,ST01,ST02,02:00,04:45,1,ROUTINE_BLOCK,PLANNED_BLOCK_WINDOW,False,15
B-00304,Thursday,C01,C01-S03,C01-WA03,ST01,ST02,10:30,13:15,1,ROUTINE_BLOCK,PLANNED_BLOCK_WINDOW,False,15
B-00305,Thursday,C01,C01-S03,C01-WA03,ST01,ST02,13:30,16:30,1,ROUTINE_BLOCK,PLANNED_BLOCK_WINDOW,False,15
B-00306,Thursday,C01,C01-S03,C01-WA03,ST01,ST02,23:00,01:45,1,ROUTINE_BLOCK,PLANNED_BLOCK_WINDOW,False,15
B-00307,Thursday,C01,C01-S04,C01-WA04,ST01,ST02,00:30,03:15,1,ROUTINE_BLOCK,PLANNED_BLOCK_WINDOW,False,15
B-00308,Thursday,C01,C01-S04,C01-WA04,ST01,ST02,01:00,04:00,1,ROUTINE_BLOCK,PLANNED_BLOCK_WINDOW,False,15
B-00309,Thursday,C01,C01-S04,C01-WA04,ST01,ST02,02:00,04:45,1,ROUTINE_BLOCK,PLANNED_BLOCK_WINDOW,False,15
B-00310,Thursday,C01,C01-S04,C01-WA04,ST01,ST02,10:30,13:15,0,ROUTINE_BLOCK,PLANNED_BLOCK_WINDOW,False,15
B-00311,Thursday,C01,C01-S04,C01-WA04,ST01,ST02,13:30,16:30,1,ROUTINE_BLOCK,PLANNED_BLOCK_WINDOW,False,15
B-00312,Thursday,C01,C01-S04,C01-WA04,ST01,ST02,23:00,01:45,1,ROUTINE_BLOCK,PLANNED_BLOCK_WINDOW,False,15
B-00313,Thursday,C02,C02-S01,C02-WA01,ST02,ST03,00:30,03:15,1,ROUTINE_BLOCK,PLANNED_BLOCK_WINDOW,False,15
B-00314,Thursday,C02,C02-S01,C02-WA01,ST02,ST03,01:00,04:00,1,ROUTINE_BLOCK,PLANNED_BLOCK_WINDOW,False,15
B-00315,Thursday,C02,C02-S01,C02-WA01,ST02,ST03,02:00,04:45,1,ROUTINE_BLOCK,PLANNED_BLOCK_WINDOW,False,15
B-00316,Thursday,C02,C02-S01,C02-WA01,ST02,ST03,10:30,13:15,1,ROUTINE_BLOCK,PLANNED_BLOCK_WINDOW,False,15
B-00317,Thursday,C02,C02-S01,C02-WA01,ST02,ST03,13:30,16:30,1,ROUTINE_BLOCK,PLANNED_BLOCK_WINDOW,False,15
B-00318,Thursday,C02,C02-S01,C02-WA01,ST02,ST03,23:00,01:45,1,ROUTINE_BLOCK,PLANNED_BLOCK_WINDOW,False,15
B-00319,Thursday,C02,C02-S02,C02-WA02,ST02,ST03,00:30,03:15,1,ROUTINE_BLOCK,PLANNED_BLOCK_WINDOW,False,15
B-00320,Thursday,C02,C02-S02,C02-WA02,ST02,ST03,01:00,04:00,1,ROUTINE_BLOCK,PLANNED_BLOCK_WINDOW,False,15
B-00321,Thursday,C02,C02-S02,C02-WA02,ST02,ST03,02:00,04:45,1,ROUTINE_BLOCK,PLANNED_BLOCK_WINDOW,False,15
B-00322,Thursday,C02,C02-S02,C02-WA02,ST02,ST03,10:30,13:15,1,ROUTINE_BLOCK,PLANNED_BLOCK_WINDOW,False,15
B-00323,Thursday,C02,C02-S02,C02-WA02,ST02,ST03,13:30,16:30,1,ROUTINE_BLOCK,PLANNED_BLOCK_WINDOW,False,15
B-00324,Thursday,C02,C02-S02,C02-WA02,ST02,ST03,23:00,01:45,1,ROUTINE_BLOCK,PLANNED_BLOCK_WINDOW,False,15
B-00325,Thursday,C02,C02-S03,C02-WA03,ST02,ST03,00:30,03:15,1,ROUTINE_BLOCK,PLANNED_BLOCK_WINDOW,False,15
B-00326,Thursday,C02,C02-S03,C02-WA03,ST02,ST03,01:00,04:00,1,ROUTINE_BLOCK,PLANNED_BLOCK_WINDOW,False,15
B-00327,Thursday,C02,C02-S03,C02-WA03,ST02,ST03,02:00,04:45,1,ROUTINE_BLOCK,PLANNED_BLOCK_WINDOW,False,15
B-00328,Thursday,C02,C02-S03,C02-WA03,ST02,ST03,10:30,13:15,1,ROUTINE_BLOCK,PLANNED_BLOCK_WINDOW,False,15
B-00329,Thursday,C02,C02-S03,C02-WA03,ST02,ST03,13:30,16:30,1,ROUTINE_BLOCK,PLANNED_BLOCK_WINDOW,False,15
B-00330,Thursday,C02,C02-S03,C02-WA03,ST02,ST03,23:00,01:45,1,ROUTINE_BLOCK,PLANNED_BLOCK_WINDOW,False,15
B-00331,Thursday,C02,C02-S04,C02-WA04,ST02,ST03,00:30,03:15,1,ROUTINE_BLOCK,PLANNED_BLOCK_WINDOW,False,15
B-00332,Thursday,C02,C02-S04,C02-WA04,ST02,ST03,01:00,04:00,1,ROUTINE_BLOCK,PLANNED_BLOCK_WINDOW,False,15
B-00333,Thursday,C02,C02-S04,C02-WA04,ST02,ST03,02:00,04:45,0,ROUTINE_BLOCK,PLANNED_BLOCK_WINDOW,False,15
B-00334,Thursday,C02,C02-S04,C02-WA04,ST02,ST03,10:30,13:15,1,ROUTINE_BLOCK,PLANNED_BLOCK_WINDOW,False,15
B-00335,Thursday,C02,C02-S04,C02-WA04,ST02,ST03,13:30,16:30,1,ROUTINE_BLOCK,PLANNED_BLOCK_WINDOW,False,15
B-00336,Thursday,C02,C02-S04,C02-WA04,ST02,ST03,23:00,01:45,1,ROUTINE_BLOCK,PLANNED_BLOCK_WINDOW,False,15
B-00337,Thursday,C03,C03-S01,C03-WA01,ST03,ST04,00:30,03:15,0,ROUTINE_BLOCK,PLANNED_BLOCK_WINDOW,False,15
B-00338,Thursday,C03,C03-S01,C03-WA01,ST03,ST04,01:00,04:00,1,ROUTINE_BLOCK,PLANNED_BLOCK_WINDOW,False,15
B-00339,Thursday,C03,C03-S01,C03-WA01,ST03,ST04,02:00,04:45,1,ROUTINE_BLOCK,PLANNED_BLOCK_WINDOW,False,15
B-00340,Thursday,C03,C03-S01,C03-WA01,ST03,ST04,10:30,13:15,1,ROUTINE_BLOCK,PLANNED_BLOCK_WINDOW,False,15
B-00341,Thursday,C03,C03-S01,C03-WA01,ST03,ST04,13:30,16:30,1,ROUTINE_BLOCK,PLANNED_BLOCK_WINDOW,False,15
B-00342,Thursday,C03,C03-S01,C03-WA01,ST03,ST04,23:00,01:45,0,ROUTINE_BLOCK,PLANNED_BLOCK_WINDOW,False,15
B-00343,Thursday,C03,C03-S02,C03-WA02,ST03,ST04,00:30,03:15,1,ROUTINE_BLOCK,PLANNED_BLOCK_WINDOW,False,15
B-00344,Thursday,C03,C03-S02,C03-WA02,ST03,ST04,01:00,04:00,1,ROUTINE_BLOCK,PLANNED_BLOCK_WINDOW,False,15
B-00345,Thursday,C03,C03-S02,C03-WA02,ST03,ST04,02:00,04:45,1,ROUTINE_BLOCK,PLANNED_BLOCK_WINDOW,False,15
B-00346,Thursday,C03,C03-S02,C03-WA02,ST03,ST04,10:30,13:15,1,ROUTINE_BLOCK,PLANNED_BLOCK_WINDOW,False,15
B-00347,Thursday,C03,C03-S02,C03-WA02,ST03,ST04,13:30,16:30,1,ROUTINE_BLOCK,PLANNED_BLOCK_WINDOW,False,15
B-00348,Thursday,C03,C03-S02,C03-WA02,ST03,ST04,23:00,01:45,1,ROUTINE_BLOCK,PLANNED_BLOCK_WINDOW,False,15
B-00349,Thursday,C03,C03-S03,C03-WA03,ST03,ST04,00:30,03:15,1,ROUTINE_BLOCK,PLANNED_BLOCK_WINDOW,False,15
B-00350,Thursday,C03,C03-S03,C03-WA03,ST03,ST04,01:00,04:00,1,ROUTINE_BLOCK,PLANNED_BLOCK_WINDOW,False,15
B-00351,Thursday,C03,C03-S03,C03-WA03,ST03,ST04,02:00,04:45,0,ROUTINE_BLOCK,PLANNED_BLOCK_WINDOW,False,15
B-00352,Thursday,C03,C03-S03,C03-WA03,ST03,ST04,10:30,13:15,1,ROUTINE_BLOCK,PLANNED_BLOCK_WINDOW,False,15
B-00353,Thursday,C03,C03-S03,C03-WA03,ST03,ST04,13:30,16:30,1,ROUTINE_BLOCK,PLANNED_BLOCK_WINDOW,False,15
B-00354,Thursday,C03,C03-S03,C03-WA03,ST03,ST04,23:00,01:45,1,ROUTINE_BLOCK,PLANNED_BLOCK_WINDOW,False,15
B-00355,Thursday,C03,C03-S04,C03-WA04,ST03,ST04,00:30,03:15,1,ROUTINE_BLOCK,PLANNED_BLOCK_WINDOW,False,15
B-00356,Thursday,C03,C03-S04,C03-WA04,ST03,ST04,01:00,04:00,1,ROUTINE_BLOCK,PLANNED_BLOCK_WINDOW,False,15
B-00357,Thursday,C03,C03-S04,C03-WA04,ST03,ST04,02:00,04:45,0,ROUTINE_BLOCK,PLANNED_BLOCK_WINDOW,False,15
B-00358,Thursday,C03,C03-S04,C03-WA04,ST03,ST04,10:30,13:15,1,ROUTINE_BLOCK,PLANNED_BLOCK_WINDOW,False,15
B-00359,Thursday,C03,C03-S04,C03-WA04,ST03,ST04,13:30,16:30,1,ROUTINE_BLOCK,PLANNED_BLOCK_WINDOW,False,15
B-00360,Thursday,C03,C03-S04,C03-WA04,ST03,ST04,23:00,01:45,1,ROUTINE_BLOCK,PLANNED_BLOCK_WINDOW,False,15
B-00361,Thursday,C04,C04-S01,C04-WA01,ST04,ST05,00:30,03:15,1,ROUTINE_BLOCK,PLANNED_BLOCK_WINDOW,False,15
B-00362,Thursday,C04,C04-S01,C04-WA01,ST04,ST05,01:00,04:00,1,ROUTINE_BLOCK,PLANNED_BLOCK_WINDOW,False,15
B-00363,Thursday,C04,C04-S01,C04-WA01,ST04,ST05,02:00,04:45,1,ROUTINE_BLOCK,PLANNED_BLOCK_WINDOW,False,15
B-00364,Thursday,C04,C04-S01,C04-WA01,ST04,ST05,10:30,13:15,1,ROUTINE_BLOCK,PLANNED_BLOCK_WINDOW,False,15
B-00365,Thursday,C04,C04-S01,C04-WA01,ST04,ST05,13:30,16:30,1,ROUTINE_BLOCK,PLANNED_BLOCK_WINDOW,False,15
B-00366,Thursday,C04,C04-S01,C04-WA01,ST04,ST05,23:00,01:45,0,ROUTINE_BLOCK,PLANNED_BLOCK_WINDOW,False,15
B-00367,Thursday,C04,C04-S02,C04-WA02,ST04,ST05,00:30,03:15,1,ROUTINE_BLOCK,PLANNED_BLOCK_WINDOW,False,15
B-00368,Thursday,C04,C04-S02,C04-WA02,ST04,ST05,01:00,04:00,1,ROUTINE_BLOCK,PLANNED_BLOCK_WINDOW,False,15
B-00369,Thursday,C04,C04-S02,C04-WA02,ST04,ST05,02:00,04:45,1,ROUTINE_BLOCK,PLANNED_BLOCK_WINDOW,False,15
B-00370,Thursday,C04,C04-S02,C04-WA02,ST04,ST05,10:30,13:15,1,ROUTINE_BLOCK,PLANNED_BLOCK_WINDOW,False,15
B-00371,Thursday,C04,C04-S02,C04-WA02,ST04,ST05,13:30,16:30,1,ROUTINE_BLOCK,PLANNED_BLOCK_WINDOW,False,15
B-00372,Thursday,C04,C04-S02,C04-WA02,ST04,ST05,23:00,01:45,1,ROUTINE_BLOCK,PLANNED_BLOCK_WINDOW,False,15
B-00373,Thursday,C04,C04-S03,C04-WA03,ST04,ST05,00:30,03:15,1,ROUTINE_BLOCK,PLANNED_BLOCK_WINDOW,False,15
B-00374,Thursday,C04,C04-S03,C04-WA03,ST04,ST05,01:00,04:00,1,ROUTINE_BLOCK,PLANNED_BLOCK_WINDOW,False,15
B-00375,Thursday,C04,C04-S03,C04-WA03,ST04,ST05,02:00,04:45,1,ROUTINE_BLOCK,PLANNED_BLOCK_WINDOW,False,15
B-00376,Thursday,C04,C04-S03,C04-WA03,ST04,ST05,10:30,13:15,0,ROUTINE_BLOCK,PLANNED_BLOCK_WINDOW,False,15
B-00377,Thursday,C04,C04-S03,C04-WA03,ST04,ST05,13:30,16:30,1,ROUTINE_BLOCK,PLANNED_BLOCK_WINDOW,False,15
B-00378,Thursday,C04,C04-S03,C04-WA03,ST04,ST05,23:00,01:45,1,ROUTINE_BLOCK,PLANNED_BLOCK_WINDOW,False,15
B-00379,Thursday,C04,C04-S04,C04-WA04,ST04,ST05,00:30,03:15,1,ROUTINE_BLOCK,PLANNED_BLOCK_WINDOW,False,15
B-00380,Thursday,C04,C04-S04,C04-WA04,ST04,ST05,01:00,04:00,1,ROUTINE_BLOCK,PLANNED_BLOCK_WINDOW,False,15
B-00381,Thursday,C04,C04-S04,C04-WA04,ST04,ST05,02:00,04:45,1,ROUTINE_BLOCK,PLANNED_BLOCK_WINDOW,False,15
B-00382,Thursday,C04,C04-S04,C04-WA04,ST04,ST05,10:30,13:15,1,ROUTINE_BLOCK,PLANNED_BLOCK_WINDOW,False,15
B-00383,Thursday,C04,C04-S04,C04-WA04,ST04,ST05,13:30,16:30,1,ROUTINE_BLOCK,PLANNED_BLOCK_WINDOW,False,15
B-00384,Thursday,C04,C04-S04,C04-WA04,ST04,ST05,23:00,01:45,0,ROUTINE_BLOCK,PLANNED_BLOCK_WINDOW,False,15
B-00385,Friday,C01,C01-S01,C01-WA01,ST01,ST02,00:30,03:15,1,ROUTINE_BLOCK,PLANNED_BLOCK_WINDOW,False,15
B-00386,Friday,C01,C01-S01,C01-WA01,ST01,ST02,01:00,04:00,1,ROUTINE_BLOCK,PLANNED_BLOCK_WINDOW,False,15
B-00387,Friday,C01,C01-S01,C01-WA01,ST01,ST02,02:00,04:45,1,ROUTINE_BLOCK,PLANNED_BLOCK_WINDOW,False,15
B-00388,Friday,C01,C01-S01,C01-WA01,ST01,ST02,10:30,13:15,1,ROUTINE_BLOCK,PLANNED_BLOCK_WINDOW,False,15
B-00389,Friday,C01,C01-S01,C01-WA01,ST01,ST02,13:30,16:30,1,ROUTINE_BLOCK,PLANNED_BLOCK_WINDOW,False,15
B-00390,Friday,C01,C01-S01,C01-WA01,ST01,ST02,23:00,01:45,1,ROUTINE_BLOCK,PLANNED_BLOCK_WINDOW,False,15
B-00391,Friday,C01,C01-S02,C01-WA02,ST01,ST02,00:30,03:15,1,ROUTINE_BLOCK,PLANNED_BLOCK_WINDOW,False,15
B-00392,Friday,C01,C01-S02,C01-WA02,ST01,ST02,01:00,04:00,0,ROUTINE_BLOCK,PLANNED_BLOCK_WINDOW,False,15
B-00393,Friday,C01,C01-S02,C01-WA02,ST01,ST02,02:00,04:45,1,ROUTINE_BLOCK,PLANNED_BLOCK_WINDOW,False,15
B-00394,Friday,C01,C01-S02,C01-WA02,ST01,ST02,10:30,13:15,1,ROUTINE_BLOCK,PLANNED_BLOCK_WINDOW,False,15
B-00395,Friday,C01,C01-S02,C01-WA02,ST01,ST02,13:30,16:30,0,ROUTINE_BLOCK,PLANNED_BLOCK_WINDOW,False,15
B-00396,Friday,C01,C01-S02,C01-WA02,ST01,ST02,23:00,01:45,0,ROUTINE_BLOCK,PLANNED_BLOCK_WINDOW,False,15
B-00397,Friday,C01,C01-S03,C01-WA03,ST01,ST02,00:30,03:15,1,ROUTINE_BLOCK,PLANNED_BLOCK_WINDOW,False,15
B-00398,Friday,C01,C01-S03,C01-WA03,ST01,ST02,01:00,04:00,1,ROUTINE_BLOCK,PLANNED_BLOCK_WINDOW,False,15
B-00399,Friday,C01,C01-S03,C01-WA03,ST01,ST02,02:00,04:45,1,ROUTINE_BLOCK,PLANNED_BLOCK_WINDOW,False,15
B-00400,Friday,C01,C01-S03,C01-WA03,ST01,ST02,10:30,13:15,1,ROUTINE_BLOCK,PLANNED_BLOCK_WINDOW,False,15
B-00401,Friday,C01,C01-S03,C01-WA03,ST01,ST02,13:30,16:30,1,ROUTINE_BLOCK,PLANNED_BLOCK_WINDOW,False,15
B-00402,Friday,C01,C01-S03,C01-WA03,ST01,ST02,23:00,01:45,1,ROUTINE_BLOCK,PLANNED_BLOCK_WINDOW,False,15
B-00403,Friday,C01,C01-S04,C01-WA04,ST01,ST02,00:30,03:15,1,ROUTINE_BLOCK,PLANNED_BLOCK_WINDOW,False,15
B-00404,Friday,C01,C01-S04,C01-WA04,ST01,ST02,01:00,04:00,1,ROUTINE_BLOCK,PLANNED_BLOCK_WINDOW,False,15
B-00405,Friday,C01,C01-S04,C01-WA04,ST01,ST02,02:00,04:45,0,ROUTINE_BLOCK,PLANNED_BLOCK_WINDOW,False,15
B-00406,Friday,C01,C01-S04,C01-WA04,ST01,ST02,10:30,13:15,1,ROUTINE_BLOCK,PLANNED_BLOCK_WINDOW,False,15
B-00407,Friday,C01,C01-S04,C01-WA04,ST01,ST02,13:30,16:30,1,ROUTINE_BLOCK,PLANNED_BLOCK_WINDOW,False,15
B-00408,Friday,C01,C01-S04,C01-WA04,ST01,ST02,23:00,01:45,1,ROUTINE_BLOCK,PLANNED_BLOCK_WINDOW,False,15
B-00409,Friday,C02,C02-S01,C02-WA01,ST02,ST03,00:30,03:15,1,ROUTINE_BLOCK,PLANNED_BLOCK_WINDOW,False,15
B-00410,Friday,C02,C02-S01,C02-WA01,ST02,ST03,01:00,04:00,1,ROUTINE_BLOCK,PLANNED_BLOCK_WINDOW,False,15
B-00411,Friday,C02,C02-S01,C02-WA01,ST02,ST03,02:00,04:45,1,ROUTINE_BLOCK,PLANNED_BLOCK_WINDOW,False,15
B-00412,Friday,C02,C02-S01,C02-WA01,ST02,ST03,10:30,13:15,1,ROUTINE_BLOCK,PLANNED_BLOCK_WINDOW,False,15
B-00413,Friday,C02,C02-S01,C02-WA01,ST02,ST03,13:30,16:30,0,ROUTINE_BLOCK,PLANNED_BLOCK_WINDOW,False,15
B-00414,Friday,C02,C02-S01,C02-WA01,ST02,ST03,23:00,01:45,1,ROUTINE_BLOCK,PLANNED_BLOCK_WINDOW,False,15
B-00415,Friday,C02,C02-S02,C02-WA02,ST02,ST03,00:30,03:15,1,ROUTINE_BLOCK,PLANNED_BLOCK_WINDOW,False,15
B-00416,Friday,C02,C02-S02,C02-WA02,ST02,ST03,01:00,04:00,1,ROUTINE_BLOCK,PLANNED_BLOCK_WINDOW,False,15
B-00417,Friday,C02,C02-S02,C02-WA02,ST02,ST03,02:00,04:45,1,ROUTINE_BLOCK,PLANNED_BLOCK_WINDOW,False,15
B-00418,Friday,C02,C02-S02,C02-WA02,ST02,ST03,10:30,13:15,1,ROUTINE_BLOCK,PLANNED_BLOCK_WINDOW,False,15
B-00419,Friday,C02,C02-S02,C02-WA02,ST02,ST03,13:30,16:30,1,ROUTINE_BLOCK,PLANNED_BLOCK_WINDOW,False,15
B-00420,Friday,C02,C02-S02,C02-WA02,ST02,ST03,23:00,01:45,1,ROUTINE_BLOCK,PLANNED_BLOCK_WINDOW,False,15
B-00421,Friday,C02,C02-S03,C02-WA03,ST02,ST03,00:30,03:15,0,ROUTINE_BLOCK,PLANNED_BLOCK_WINDOW,False,15
B-00422,Friday,C02,C02-S03,C02-WA03,ST02,ST03,01:00,04:00,1,ROUTINE_BLOCK,PLANNED_BLOCK_WINDOW,False,15
B-00423,Friday,C02,C02-S03,C02-WA03,ST02,ST03,02:00,04:45,1,ROUTINE_BLOCK,PLANNED_BLOCK_WINDOW,False,15
B-00424,Friday,C02,C02-S03,C02-WA03,ST02,ST03,10:30,13:15,1,ROUTINE_BLOCK,PLANNED_BLOCK_WINDOW,False,15
B-00425,Friday,C02,C02-S03,C02-WA03,ST02,ST03,13:30,16:30,1,ROUTINE_BLOCK,PLANNED_BLOCK_WINDOW,False,15
B-00426,Friday,C02,C02-S03,C02-WA03,ST02,ST03,23:00,01:45,1,ROUTINE_BLOCK,PLANNED_BLOCK_WINDOW,False,15
B-00427,Friday,C02,C02-S04,C02-WA04,ST02,ST03,00:30,03:15,1,ROUTINE_BLOCK,PLANNED_BLOCK_WINDOW,False,15
B-00428,Friday,C02,C02-S04,C02-WA04,ST02,ST03,01:00,04:00,1,ROUTINE_BLOCK,PLANNED_BLOCK_WINDOW,False,15
B-00429,Friday,C02,C02-S04,C02-WA04,ST02,ST03,02:00,04:45,0,ROUTINE_BLOCK,PLANNED_BLOCK_WINDOW,False,15
B-00430,Friday,C02,C02-S04,C02-WA04,ST02,ST03,10:30,13:15,1,ROUTINE_BLOCK,PLANNED_BLOCK_WINDOW,False,15
B-00431,Friday,C02,C02-S04,C02-WA04,ST02,ST03,13:30,16:30,1,ROUTINE_BLOCK,PLANNED_BLOCK_WINDOW,False,15
B-00432,Friday,C02,C02-S04,C02-WA04,ST02,ST03,23:00,01:45,1,ROUTINE_BLOCK,PLANNED_BLOCK_WINDOW,False,15
B-00433,Friday,C03,C03-S01,C03-WA01,ST03,ST04,00:30,03:15,1,ROUTINE_BLOCK,PLANNED_BLOCK_WINDOW,False,15
B-00434,Friday,C03,C03-S01,C03-WA01,ST03,ST04,01:00,04:00,1,ROUTINE_BLOCK,PLANNED_BLOCK_WINDOW,False,15
B-00435,Friday,C03,C03-S01,C03-WA01,ST03,ST04,02:00,04:45,1,ROUTINE_BLOCK,PLANNED_BLOCK_WINDOW,False,15
B-00436,Friday,C03,C03-S01,C03-WA01,ST03,ST04,10:30,13:15,1,ROUTINE_BLOCK,PLANNED_BLOCK_WINDOW,False,15
B-00437,Friday,C03,C03-S01,C03-WA01,ST03,ST04,13:30,16:30,0,ROUTINE_BLOCK,PLANNED_BLOCK_WINDOW,False,15
B-00438,Friday,C03,C03-S01,C03-WA01,ST03,ST04,23:00,01:45,1,ROUTINE_BLOCK,PLANNED_BLOCK_WINDOW,False,15
B-00439,Friday,C03,C03-S02,C03-WA02,ST03,ST04,00:30,03:15,1,ROUTINE_BLOCK,PLANNED_BLOCK_WINDOW,False,15
B-00440,Friday,C03,C03-S02,C03-WA02,ST03,ST04,01:00,04:00,1,ROUTINE_BLOCK,PLANNED_BLOCK_WINDOW,False,15
B-00441,Friday,C03,C03-S02,C03-WA02,ST03,ST04,02:00,04:45,1,ROUTINE_BLOCK,PLANNED_BLOCK_WINDOW,False,15
B-00442,Friday,C03,C03-S02,C03-WA02,ST03,ST04,10:30,13:15,1,ROUTINE_BLOCK,PLANNED_BLOCK_WINDOW,False,15
B-00443,Friday,C03,C03-S02,C03-WA02,ST03,ST04,13:30,16:30,1,ROUTINE_BLOCK,PLANNED_BLOCK_WINDOW,False,15
B-00444,Friday,C03,C03-S02,C03-WA02,ST03,ST04,23:00,01:45,1,ROUTINE_BLOCK,PLANNED_BLOCK_WINDOW,False,15
B-00445,Friday,C03,C03-S03,C03-WA03,ST03,ST04,00:30,03:15,1,ROUTINE_BLOCK,PLANNED_BLOCK_WINDOW,False,15
B-00446,Friday,C03,C03-S03,C03-WA03,ST03,ST04,01:00,04:00,1,ROUTINE_BLOCK,PLANNED_BLOCK_WINDOW,False,15
B-00447,Friday,C03,C03-S03,C03-WA03,ST03,ST04,02:00,04:45,1,ROUTINE_BLOCK,PLANNED_BLOCK_WINDOW,False,15
B-00448,Friday,C03,C03-S03,C03-WA03,ST03,ST04,10:30,13:15,1,ROUTINE_BLOCK,PLANNED_BLOCK_WINDOW,False,15
B-00449,Friday,C03,C03-S03,C03-WA03,ST03,ST04,13:30,16:30,1,ROUTINE_BLOCK,PLANNED_BLOCK_WINDOW,False,15
B-00450,Friday,C03,C03-S03,C03-WA03,ST03,ST04,23:00,01:45,1,ROUTINE_BLOCK,PLANNED_BLOCK_WINDOW,False,15
B-00451,Friday,C03,C03-S04,C03-WA04,ST03,ST04,00:30,03:15,1,ROUTINE_BLOCK,PLANNED_BLOCK_WINDOW,False,15
B-00452,Friday,C03,C03-S04,C03-WA04,ST03,ST04,01:00,04:00,1,ROUTINE_BLOCK,PLANNED_BLOCK_WINDOW,False,15
B-00453,Friday,C03,C03-S04,C03-WA04,ST03,ST04,02:00,04:45,1,ROUTINE_BLOCK,PLANNED_BLOCK_WINDOW,False,15
B-00454,Friday,C03,C03-S04,C03-WA04,ST03,ST04,10:30,13:15,1,ROUTINE_BLOCK,PLANNED_BLOCK_WINDOW,False,15
B-00455,Friday,C03,C03-S04,C03-WA04,ST03,ST04,13:30,16:30,1,ROUTINE_BLOCK,PLANNED_BLOCK_WINDOW,False,15
B-00456,Friday,C03,C03-S04,C03-WA04,ST03,ST04,23:00,01:45,1,ROUTINE_BLOCK,PLANNED_BLOCK_WINDOW,False,15
B-00457,Friday,C04,C04-S01,C04-WA01,ST04,ST05,00:30,03:15,1,ROUTINE_BLOCK,PLANNED_BLOCK_WINDOW,False,15
B-00458,Friday,C04,C04-S01,C04-WA01,ST04,ST05,01:00,04:00,1,ROUTINE_BLOCK,PLANNED_BLOCK_WINDOW,False,15
B-00459,Friday,C04,C04-S01,C04-WA01,ST04,ST05,02:00,04:45,1,ROUTINE_BLOCK,PLANNED_BLOCK_WINDOW,False,15
B-00460,Friday,C04,C04-S01,C04-WA01,ST04,ST05,10:30,13:15,1,ROUTINE_BLOCK,PLANNED_BLOCK_WINDOW,False,15
B-00461,Friday,C04,C04-S01,C04-WA01,ST04,ST05,13:30,16:30,1,ROUTINE_BLOCK,PLANNED_BLOCK_WINDOW,False,15
B-00462,Friday,C04,C04-S01,C04-WA01,ST04,ST05,23:00,01:45,0,ROUTINE_BLOCK,PLANNED_BLOCK_WINDOW,False,15
B-00463,Friday,C04,C04-S02,C04-WA02,ST04,ST05,00:30,03:15,1,ROUTINE_BLOCK,PLANNED_BLOCK_WINDOW,False,15
B-00464,Friday,C04,C04-S02,C04-WA02,ST04,ST05,01:00,04:00,1,ROUTINE_BLOCK,PLANNED_BLOCK_WINDOW,False,15
B-00465,Friday,C04,C04-S02,C04-WA02,ST04,ST05,02:00,04:45,1,ROUTINE_BLOCK,PLANNED_BLOCK_WINDOW,False,15
B-00466,Friday,C04,C04-S02,C04-WA02,ST04,ST05,10:30,13:15,1,ROUTINE_BLOCK,PLANNED_BLOCK_WINDOW,False,15
B-00467,Friday,C04,C04-S02,C04-WA02,ST04,ST05,13:30,16:30,1,ROUTINE_BLOCK,PLANNED_BLOCK_WINDOW,False,15
B-00468,Friday,C04,C04-S02,C04-WA02,ST04,ST05,23:00,01:45,1,ROUTINE_BLOCK,PLANNED_BLOCK_WINDOW,False,15
B-00469,Friday,C04,C04-S03,C04-WA03,ST04,ST05,00:30,03:15,1,ROUTINE_BLOCK,PLANNED_BLOCK_WINDOW,False,15
B-00470,Friday,C04,C04-S03,C04-WA03,ST04,ST05,01:00,04:00,1,ROUTINE_BLOCK,PLANNED_BLOCK_WINDOW,False,15
B-00471,Friday,C04,C04-S03,C04-WA03,ST04,ST05,02:00,04:45,1,ROUTINE_BLOCK,PLANNED_BLOCK_WINDOW,False,15
B-00472,Friday,C04,C04-S03,C04-WA03,ST04,ST05,10:30,13:15,1,ROUTINE_BLOCK,PLANNED_BLOCK_WINDOW,False,15
B-00473,Friday,C04,C04-S03,C04-WA03,ST04,ST05,13:30,16:30,0,ROUTINE_BLOCK,PLANNED_BLOCK_WINDOW,False,15
B-00474,Friday,C04,C04-S03,C04-WA03,ST04,ST05,23:00,01:45,1,ROUTINE_BLOCK,PLANNED_BLOCK_WINDOW,False,15
B-00475,Friday,C04,C04-S04,C04-WA04,ST04,ST05,00:30,03:15,1,ROUTINE_BLOCK,PLANNED_BLOCK_WINDOW,False,15
B-00476,Friday,C04,C04-S04,C04-WA04,ST04,ST05,01:00,04:00,0,ROUTINE_BLOCK,PLANNED_BLOCK_WINDOW,False,15
B-00477,Friday,C04,C04-S04,C04-WA04,ST04,ST05,02:00,04:45,1,ROUTINE_BLOCK,PLANNED_BLOCK_WINDOW,False,15
B-00478,Friday,C04,C04-S04,C04-WA04,ST04,ST05,10:30,13:15,1,ROUTINE_BLOCK,PLANNED_BLOCK_WINDOW,False,15
B-00479,Friday,C04,C04-S04,C04-WA04,ST04,ST05,13:30,16:30,0,ROUTINE_BLOCK,PLANNED_BLOCK_WINDOW,False,15
B-00480,Friday,C04,C04-S04,C04-WA04,ST04,ST05,23:00,01:45,1,ROUTINE_BLOCK,PLANNED_BLOCK_WINDOW,False,15
B-00481,Saturday,C01,C01-S01,C01-WA01,ST01,ST02,00:30,03:15,0,ROUTINE_BLOCK,PLANNED_BLOCK_WINDOW,False,15
B-00482,Saturday,C01,C01-S01,C01-WA01,ST01,ST02,01:00,04:00,1,ROUTINE_BLOCK,PLANNED_BLOCK_WINDOW,False,15
B-00483,Saturday,C01,C01-S01,C01-WA01,ST01,ST02,02:00,04:45,1,ROUTINE_BLOCK,PLANNED_BLOCK_WINDOW,False,15
B-00484,Saturday,C01,C01-S01,C01-WA01,ST01,ST02,10:30,13:15,1,ROUTINE_BLOCK,PLANNED_BLOCK_WINDOW,False,15
B-00485,Saturday,C01,C01-S01,C01-WA01,ST01,ST02,13:30,16:30,1,ROUTINE_BLOCK,PLANNED_BLOCK_WINDOW,False,15
B-00486,Saturday,C01,C01-S01,C01-WA01,ST01,ST02,23:00,01:45,1,ROUTINE_BLOCK,PLANNED_BLOCK_WINDOW,False,15
B-00487,Saturday,C01,C01-S02,C01-WA02,ST01,ST02,00:30,03:15,1,ROUTINE_BLOCK,PLANNED_BLOCK_WINDOW,False,15
B-00488,Saturday,C01,C01-S02,C01-WA02,ST01,ST02,01:00,04:00,1,ROUTINE_BLOCK,PLANNED_BLOCK_WINDOW,False,15
B-00489,Saturday,C01,C01-S02,C01-WA02,ST01,ST02,02:00,04:45,1,ROUTINE_BLOCK,PLANNED_BLOCK_WINDOW,False,15
B-00490,Saturday,C01,C01-S02,C01-WA02,ST01,ST02,10:30,13:15,1,ROUTINE_BLOCK,PLANNED_BLOCK_WINDOW,False,15
B-00491,Saturday,C01,C01-S02,C01-WA02,ST01,ST02,13:30,16:30,1,ROUTINE_BLOCK,PLANNED_BLOCK_WINDOW,False,15
B-00492,Saturday,C01,C01-S02,C01-WA02,ST01,ST02,23:00,01:45,1,ROUTINE_BLOCK,PLANNED_BLOCK_WINDOW,False,15
B-00493,Saturday,C01,C01-S03,C01-WA03,ST01,ST02,00:30,03:15,1,ROUTINE_BLOCK,PLANNED_BLOCK_WINDOW,False,15
B-00494,Saturday,C01,C01-S03,C01-WA03,ST01,ST02,01:00,04:00,1,ROUTINE_BLOCK,PLANNED_BLOCK_WINDOW,False,15
B-00495,Saturday,C01,C01-S03,C01-WA03,ST01,ST02,02:00,04:45,1,ROUTINE_BLOCK,PLANNED_BLOCK_WINDOW,False,15
B-00496,Saturday,C01,C01-S03,C01-WA03,ST01,ST02,10:30,13:15,1,ROUTINE_BLOCK,PLANNED_BLOCK_WINDOW,False,15
B-00497,Saturday,C01,C01-S03,C01-WA03,ST01,ST02,13:30,16:30,1,ROUTINE_BLOCK,PLANNED_BLOCK_WINDOW,False,15
B-00498,Saturday,C01,C01-S03,C01-WA03,ST01,ST02,23:00,01:45,1,ROUTINE_BLOCK,PLANNED_BLOCK_WINDOW,False,15
B-00499,Saturday,C01,C01-S04,C01-WA04,ST01,ST02,00:30,03:15,1,ROUTINE_BLOCK,PLANNED_BLOCK_WINDOW,False,15
B-00500,Saturday,C01,C01-S04,C01-WA04,ST01,ST02,01:00,04:00,1,ROUTINE_BLOCK,PLANNED_BLOCK_WINDOW,False,15
B-00501,Saturday,C01,C01-S04,C01-WA04,ST01,ST02,02:00,04:45,1,ROUTINE_BLOCK,PLANNED_BLOCK_WINDOW,False,15
B-00502,Saturday,C01,C01-S04,C01-WA04,ST01,ST02,10:30,13:15,1,ROUTINE_BLOCK,PLANNED_BLOCK_WINDOW,False,15
B-00503,Saturday,C01,C01-S04,C01-WA04,ST01,ST02,13:30,16:30,1,ROUTINE_BLOCK,PLANNED_BLOCK_WINDOW,False,15
B-00504,Saturday,C01,C01-S04,C01-WA04,ST01,ST02,23:00,01:45,1,ROUTINE_BLOCK,PLANNED_BLOCK_WINDOW,False,15
B-00505,Saturday,C02,C02-S01,C02-WA01,ST02,ST03,00:30,03:15,1,ROUTINE_BLOCK,PLANNED_BLOCK_WINDOW,False,15
B-00506,Saturday,C02,C02-S01,C02-WA01,ST02,ST03,01:00,04:00,1,ROUTINE_BLOCK,PLANNED_BLOCK_WINDOW,False,15
B-00507,Saturday,C02,C02-S01,C02-WA01,ST02,ST03,02:00,04:45,1,ROUTINE_BLOCK,PLANNED_BLOCK_WINDOW,False,15
B-00508,Saturday,C02,C02-S01,C02-WA01,ST02,ST03,10:30,13:15,1,ROUTINE_BLOCK,PLANNED_BLOCK_WINDOW,False,15
B-00509,Saturday,C02,C02-S01,C02-WA01,ST02,ST03,13:30,16:30,0,ROUTINE_BLOCK,PLANNED_BLOCK_WINDOW,False,15
B-00510,Saturday,C02,C02-S01,C02-WA01,ST02,ST03,23:00,01:45,1,ROUTINE_BLOCK,PLANNED_BLOCK_WINDOW,False,15
B-00511,Saturday,C02,C02-S02,C02-WA02,ST02,ST03,00:30,03:15,1,ROUTINE_BLOCK,PLANNED_BLOCK_WINDOW,False,15
B-00512,Saturday,C02,C02-S02,C02-WA02,ST02,ST03,01:00,04:00,1,ROUTINE_BLOCK,PLANNED_BLOCK_WINDOW,False,15
B-00513,Saturday,C02,C02-S02,C02-WA02,ST02,ST03,02:00,04:45,1,ROUTINE_BLOCK,PLANNED_BLOCK_WINDOW,False,15
B-00514,Saturday,C02,C02-S02,C02-WA02,ST02,ST03,10:30,13:15,1,ROUTINE_BLOCK,PLANNED_BLOCK_WINDOW,False,15
B-00515,Saturday,C02,C02-S02,C02-WA02,ST02,ST03,13:30,16:30,1,ROUTINE_BLOCK,PLANNED_BLOCK_WINDOW,False,15
B-00516,Saturday,C02,C02-S02,C02-WA02,ST02,ST03,23:00,01:45,1,ROUTINE_BLOCK,PLANNED_BLOCK_WINDOW,False,15
B-00517,Saturday,C02,C02-S03,C02-WA03,ST02,ST03,00:30,03:15,0,ROUTINE_BLOCK,PLANNED_BLOCK_WINDOW,False,15
B-00518,Saturday,C02,C02-S03,C02-WA03,ST02,ST03,01:00,04:00,1,ROUTINE_BLOCK,PLANNED_BLOCK_WINDOW,False,15
B-00519,Saturday,C02,C02-S03,C02-WA03,ST02,ST03,02:00,04:45,1,ROUTINE_BLOCK,PLANNED_BLOCK_WINDOW,False,15
B-00520,Saturday,C02,C02-S03,C02-WA03,ST02,ST03,10:30,13:15,1,ROUTINE_BLOCK,PLANNED_BLOCK_WINDOW,False,15
B-00521,Saturday,C02,C02-S03,C02-WA03,ST02,ST03,13:30,16:30,1,ROUTINE_BLOCK,PLANNED_BLOCK_WINDOW,False,15
B-00522,Saturday,C02,C02-S03,C02-WA03,ST02,ST03,23:00,01:45,1,ROUTINE_BLOCK,PLANNED_BLOCK_WINDOW,False,15
B-00523,Saturday,C02,C02-S04,C02-WA04,ST02,ST03,00:30,03:15,0,ROUTINE_BLOCK,PLANNED_BLOCK_WINDOW,False,15
B-00524,Saturday,C02,C02-S04,C02-WA04,ST02,ST03,01:00,04:00,1,ROUTINE_BLOCK,PLANNED_BLOCK_WINDOW,False,15
B-00525,Saturday,C02,C02-S04,C02-WA04,ST02,ST03,02:00,04:45,1,ROUTINE_BLOCK,PLANNED_BLOCK_WINDOW,False,15
B-00526,Saturday,C02,C02-S04,C02-WA04,ST02,ST03,10:30,13:15,1,ROUTINE_BLOCK,PLANNED_BLOCK_WINDOW,False,15
B-00527,Saturday,C02,C02-S04,C02-WA04,ST02,ST03,13:30,16:30,1,ROUTINE_BLOCK,PLANNED_BLOCK_WINDOW,False,15
B-00528,Saturday,C02,C02-S04,C02-WA04,ST02,ST03,23:00,01:45,1,ROUTINE_BLOCK,PLANNED_BLOCK_WINDOW,False,15
B-00529,Saturday,C03,C03-S01,C03-WA01,ST03,ST04,00:30,03:15,1,ROUTINE_BLOCK,PLANNED_BLOCK_WINDOW,False,15
B-00530,Saturday,C03,C03-S01,C03-WA01,ST03,ST04,01:00,04:00,1,ROUTINE_BLOCK,PLANNED_BLOCK_WINDOW,False,15
B-00531,Saturday,C03,C03-S01,C03-WA01,ST03,ST04,02:00,04:45,1,ROUTINE_BLOCK,PLANNED_BLOCK_WINDOW,False,15
B-00532,Saturday,C03,C03-S01,C03-WA01,ST03,ST04,10:30,13:15,1,ROUTINE_BLOCK,PLANNED_BLOCK_WINDOW,False,15
B-00533,Saturday,C03,C03-S01,C03-WA01,ST03,ST04,13:30,16:30,1,ROUTINE_BLOCK,PLANNED_BLOCK_WINDOW,False,15
B-00534,Saturday,C03,C03-S01,C03-WA01,ST03,ST04,23:00,01:45,1,ROUTINE_BLOCK,PLANNED_BLOCK_WINDOW,False,15
B-00535,Saturday,C03,C03-S02,C03-WA02,ST03,ST04,00:30,03:15,1,ROUTINE_BLOCK,PLANNED_BLOCK_WINDOW,False,15
B-00536,Saturday,C03,C03-S02,C03-WA02,ST03,ST04,01:00,04:00,1,ROUTINE_BLOCK,PLANNED_BLOCK_WINDOW,False,15
B-00537,Saturday,C03,C03-S02,C03-WA02,ST03,ST04,02:00,04:45,1,ROUTINE_BLOCK,PLANNED_BLOCK_WINDOW,False,15
B-00538,Saturday,C03,C03-S02,C03-WA02,ST03,ST04,10:30,13:15,1,ROUTINE_BLOCK,PLANNED_BLOCK_WINDOW,False,15
B-00539,Saturday,C03,C03-S02,C03-WA02,ST03,ST04,13:30,16:30,1,ROUTINE_BLOCK,PLANNED_BLOCK_WINDOW,False,15
B-00540,Saturday,C03,C03-S02,C03-WA02,ST03,ST04,23:00,01:45,1,ROUTINE_BLOCK,PLANNED_BLOCK_WINDOW,False,15
B-00541,Saturday,C03,C03-S03,C03-WA03,ST03,ST04,00:30,03:15,0,ROUTINE_BLOCK,PLANNED_BLOCK_WINDOW,False,15
B-00542,Saturday,C03,C03-S03,C03-WA03,ST03,ST04,01:00,04:00,1,ROUTINE_BLOCK,PLANNED_BLOCK_WINDOW,False,15
B-00543,Saturday,C03,C03-S03,C03-WA03,ST03,ST04,02:00,04:45,1,ROUTINE_BLOCK,PLANNED_BLOCK_WINDOW,False,15
B-00544,Saturday,C03,C03-S03,C03-WA03,ST03,ST04,10:30,13:15,1,ROUTINE_BLOCK,PLANNED_BLOCK_WINDOW,False,15
B-00545,Saturday,C03,C03-S03,C03-WA03,ST03,ST04,13:30,16:30,1,ROUTINE_BLOCK,PLANNED_BLOCK_WINDOW,False,15
B-00546,Saturday,C03,C03-S03,C03-WA03,ST03,ST04,23:00,01:45,1,ROUTINE_BLOCK,PLANNED_BLOCK_WINDOW,False,15
B-00547,Saturday,C03,C03-S04,C03-WA04,ST03,ST04,00:30,03:15,1,ROUTINE_BLOCK,PLANNED_BLOCK_WINDOW,False,15
B-00548,Saturday,C03,C03-S04,C03-WA04,ST03,ST04,01:00,04:00,1,ROUTINE_BLOCK,PLANNED_BLOCK_WINDOW,False,15
B-00549,Saturday,C03,C03-S04,C03-WA04,ST03,ST04,02:00,04:45,1,ROUTINE_BLOCK,PLANNED_BLOCK_WINDOW,False,15
B-00550,Saturday,C03,C03-S04,C03-WA04,ST03,ST04,10:30,13:15,1,ROUTINE_BLOCK,PLANNED_BLOCK_WINDOW,False,15
B-00551,Saturday,C03,C03-S04,C03-WA04,ST03,ST04,13:30,16:30,1,ROUTINE_BLOCK,PLANNED_BLOCK_WINDOW,False,15
B-00552,Saturday,C03,C03-S04,C03-WA04,ST03,ST04,23:00,01:45,1,ROUTINE_BLOCK,PLANNED_BLOCK_WINDOW,False,15
B-00553,Saturday,C04,C04-S01,C04-WA01,ST04,ST05,00:30,03:15,1,ROUTINE_BLOCK,PLANNED_BLOCK_WINDOW,False,15
B-00554,Saturday,C04,C04-S01,C04-WA01,ST04,ST05,01:00,04:00,1,ROUTINE_BLOCK,PLANNED_BLOCK_WINDOW,False,15
B-00555,Saturday,C04,C04-S01,C04-WA01,ST04,ST05,02:00,04:45,1,ROUTINE_BLOCK,PLANNED_BLOCK_WINDOW,False,15
B-00556,Saturday,C04,C04-S01,C04-WA01,ST04,ST05,10:30,13:15,1,ROUTINE_BLOCK,PLANNED_BLOCK_WINDOW,False,15
B-00557,Saturday,C04,C04-S01,C04-WA01,ST04,ST05,13:30,16:30,1,ROUTINE_BLOCK,PLANNED_BLOCK_WINDOW,False,15
B-00558,Saturday,C04,C04-S01,C04-WA01,ST04,ST05,23:00,01:45,1,ROUTINE_BLOCK,PLANNED_BLOCK_WINDOW,False,15
B-00559,Saturday,C04,C04-S02,C04-WA02,ST04,ST05,00:30,03:15,1,ROUTINE_BLOCK,PLANNED_BLOCK_WINDOW,False,15
B-00560,Saturday,C04,C04-S02,C04-WA02,ST04,ST05,01:00,04:00,1,ROUTINE_BLOCK,PLANNED_BLOCK_WINDOW,False,15
B-00561,Saturday,C04,C04-S02,C04-WA02,ST04,ST05,02:00,04:45,1,ROUTINE_BLOCK,PLANNED_BLOCK_WINDOW,False,15
B-00562,Saturday,C04,C04-S02,C04-WA02,ST04,ST05,10:30,13:15,1,ROUTINE_BLOCK,PLANNED_BLOCK_WINDOW,False,15
B-00563,Saturday,C04,C04-S02,C04-WA02,ST04,ST05,13:30,16:30,1,ROUTINE_BLOCK,PLANNED_BLOCK_WINDOW,False,15
B-00564,Saturday,C04,C04-S02,C04-WA02,ST04,ST05,23:00,01:45,1,ROUTINE_BLOCK,PLANNED_BLOCK_WINDOW,False,15
B-00565,Saturday,C04,C04-S03,C04-WA03,ST04,ST05,00:30,03:15,1,ROUTINE_BLOCK,PLANNED_BLOCK_WINDOW,False,15
B-00566,Saturday,C04,C04-S03,C04-WA03,ST04,ST05,01:00,04:00,1,ROUTINE_BLOCK,PLANNED_BLOCK_WINDOW,False,15
B-00567,Saturday,C04,C04-S03,C04-WA03,ST04,ST05,02:00,04:45,1,ROUTINE_BLOCK,PLANNED_BLOCK_WINDOW,False,15
B-00568,Saturday,C04,C04-S03,C04-WA03,ST04,ST05,10:30,13:15,0,ROUTINE_BLOCK,PLANNED_BLOCK_WINDOW,False,15
B-00569,Saturday,C04,C04-S03,C04-WA03,ST04,ST05,13:30,16:30,1,ROUTINE_BLOCK,PLANNED_BLOCK_WINDOW,False,15
B-00570,Saturday,C04,C04-S03,C04-WA03,ST04,ST05,23:00,01:45,1,ROUTINE_BLOCK,PLANNED_BLOCK_WINDOW,False,15
B-00571,Saturday,C04,C04-S04,C04-WA04,ST04,ST05,00:30,03:15,1,ROUTINE_BLOCK,PLANNED_BLOCK_WINDOW,False,15
B-00572,Saturday,C04,C04-S04,C04-WA04,ST04,ST05,01:00,04:00,1,ROUTINE_BLOCK,PLANNED_BLOCK_WINDOW,False,15
B-00573,Saturday,C04,C04-S04,C04-WA04,ST04,ST05,02:00,04:45,0,ROUTINE_BLOCK,PLANNED_BLOCK_WINDOW,False,15
B-00574,Saturday,C04,C04-S04,C04-WA04,ST04,ST05,10:30,13:15,0,ROUTINE_BLOCK,PLANNED_BLOCK_WINDOW,False,15
B-00575,Saturday,C04,C04-S04,C04-WA04,ST04,ST05,13:30,16:30,0,ROUTINE_BLOCK,PLANNED_BLOCK_WINDOW,False,15
B-00576,Saturday,C04,C04-S04,C04-WA04,ST04,ST05,23:00,01:45,1,ROUTINE_BLOCK,PLANNED_BLOCK_WINDOW,False,15
B-00577,Sunday,C01,C01-S01,C01-WA01,ST01,ST02,01:00,05:00,1,EXTENDED_PLANNED_BLOCK,PLANNED_BLOCK_WINDOW,False,15
B-00578,Sunday,C01,C01-S01,C01-WA01,ST01,ST02,10:00,14:30,1,EXTENDED_PLANNED_BLOCK,PLANNED_BLOCK_WINDOW,False,15
B-00579,Sunday,C01,C01-S01,C01-WA01,ST01,ST02,22:30,03:00,0,EXTENDED_PLANNED_BLOCK,PLANNED_BLOCK_WINDOW,False,15
B-00580,Sunday,C01,C01-S02,C01-WA02,ST01,ST02,01:00,05:00,1,EXTENDED_PLANNED_BLOCK,PLANNED_BLOCK_WINDOW,False,15
B-00581,Sunday,C01,C01-S02,C01-WA02,ST01,ST02,10:00,14:30,1,EXTENDED_PLANNED_BLOCK,PLANNED_BLOCK_WINDOW,False,15
B-00582,Sunday,C01,C01-S02,C01-WA02,ST01,ST02,22:30,03:00,1,EXTENDED_PLANNED_BLOCK,PLANNED_BLOCK_WINDOW,False,15
B-00583,Sunday,C01,C01-S03,C01-WA03,ST01,ST02,01:00,05:00,1,EXTENDED_PLANNED_BLOCK,PLANNED_BLOCK_WINDOW,False,15
B-00584,Sunday,C01,C01-S03,C01-WA03,ST01,ST02,10:00,14:30,1,EXTENDED_PLANNED_BLOCK,PLANNED_BLOCK_WINDOW,False,15
B-00585,Sunday,C01,C01-S03,C01-WA03,ST01,ST02,22:30,03:00,1,EXTENDED_PLANNED_BLOCK,PLANNED_BLOCK_WINDOW,False,15
B-00586,Sunday,C01,C01-S04,C01-WA04,ST01,ST02,01:00,05:00,1,EXTENDED_PLANNED_BLOCK,PLANNED_BLOCK_WINDOW,False,15
B-00587,Sunday,C01,C01-S04,C01-WA04,ST01,ST02,10:00,14:30,1,EXTENDED_PLANNED_BLOCK,PLANNED_BLOCK_WINDOW,False,15
B-00588,Sunday,C01,C01-S04,C01-WA04,ST01,ST02,22:30,03:00,1,EXTENDED_PLANNED_BLOCK,PLANNED_BLOCK_WINDOW,False,15
B-00589,Sunday,C02,C02-S01,C02-WA01,ST02,ST03,01:00,05:00,1,EXTENDED_PLANNED_BLOCK,PLANNED_BLOCK_WINDOW,False,15
B-00590,Sunday,C02,C02-S01,C02-WA01,ST02,ST03,10:00,14:30,1,EXTENDED_PLANNED_BLOCK,PLANNED_BLOCK_WINDOW,False,15
B-00591,Sunday,C02,C02-S01,C02-WA01,ST02,ST03,22:30,03:00,1,EXTENDED_PLANNED_BLOCK,PLANNED_BLOCK_WINDOW,False,15
B-00592,Sunday,C02,C02-S02,C02-WA02,ST02,ST03,01:00,05:00,1,EXTENDED_PLANNED_BLOCK,PLANNED_BLOCK_WINDOW,False,15
B-00593,Sunday,C02,C02-S02,C02-WA02,ST02,ST03,10:00,14:30,1,EXTENDED_PLANNED_BLOCK,PLANNED_BLOCK_WINDOW,False,15
B-00594,Sunday,C02,C02-S02,C02-WA02,ST02,ST03,22:30,03:00,1,EXTENDED_PLANNED_BLOCK,PLANNED_BLOCK_WINDOW,False,15
B-00595,Sunday,C02,C02-S03,C02-WA03,ST02,ST03,01:00,05:00,1,EXTENDED_PLANNED_BLOCK,PLANNED_BLOCK_WINDOW,False,15
B-00596,Sunday,C02,C02-S03,C02-WA03,ST02,ST03,10:00,14:30,1,EXTENDED_PLANNED_BLOCK,PLANNED_BLOCK_WINDOW,False,15
B-00597,Sunday,C02,C02-S03,C02-WA03,ST02,ST03,22:30,03:00,0,EXTENDED_PLANNED_BLOCK,PLANNED_BLOCK_WINDOW,False,15
B-00598,Sunday,C02,C02-S04,C02-WA04,ST02,ST03,01:00,05:00,1,EXTENDED_PLANNED_BLOCK,PLANNED_BLOCK_WINDOW,False,15
B-00599,Sunday,C02,C02-S04,C02-WA04,ST02,ST03,10:00,14:30,1,EXTENDED_PLANNED_BLOCK,PLANNED_BLOCK_WINDOW,False,15
B-00600,Sunday,C02,C02-S04,C02-WA04,ST02,ST03,22:30,03:00,1,EXTENDED_PLANNED_BLOCK,PLANNED_BLOCK_WINDOW,False,15
B-00601,Sunday,C03,C03-S01,C03-WA01,ST03,ST04,01:00,05:00,1,EXTENDED_PLANNED_BLOCK,PLANNED_BLOCK_WINDOW,False,15
B-00602,Sunday,C03,C03-S01,C03-WA01,ST03,ST04,10:00,14:30,1,EXTENDED_PLANNED_BLOCK,PLANNED_BLOCK_WINDOW,False,15
B-00603,Sunday,C03,C03-S01,C03-WA01,ST03,ST04,22:30,03:00,1,EXTENDED_PLANNED_BLOCK,PLANNED_BLOCK_WINDOW,False,15
B-00604,Sunday,C03,C03-S02,C03-WA02,ST03,ST04,01:00,05:00,1,EXTENDED_PLANNED_BLOCK,PLANNED_BLOCK_WINDOW,False,15
B-00605,Sunday,C03,C03-S02,C03-WA02,ST03,ST04,10:00,14:30,0,EXTENDED_PLANNED_BLOCK,PLANNED_BLOCK_WINDOW,False,15
B-00606,Sunday,C03,C03-S02,C03-WA02,ST03,ST04,22:30,03:00,1,EXTENDED_PLANNED_BLOCK,PLANNED_BLOCK_WINDOW,False,15
B-00607,Sunday,C03,C03-S03,C03-WA03,ST03,ST04,01:00,05:00,1,EXTENDED_PLANNED_BLOCK,PLANNED_BLOCK_WINDOW,False,15
B-00608,Sunday,C03,C03-S03,C03-WA03,ST03,ST04,10:00,14:30,1,EXTENDED_PLANNED_BLOCK,PLANNED_BLOCK_WINDOW,False,15
B-00609,Sunday,C03,C03-S03,C03-WA03,ST03,ST04,22:30,03:00,1,EXTENDED_PLANNED_BLOCK,PLANNED_BLOCK_WINDOW,False,15
B-00610,Sunday,C03,C03-S04,C03-WA04,ST03,ST04,01:00,05:00,1,EXTENDED_PLANNED_BLOCK,PLANNED_BLOCK_WINDOW,False,15
B-00611,Sunday,C03,C03-S04,C03-WA04,ST03,ST04,10:00,14:30,1,EXTENDED_PLANNED_BLOCK,PLANNED_BLOCK_WINDOW,False,15
B-00612,Sunday,C03,C03-S04,C03-WA04,ST03,ST04,22:30,03:00,1,EXTENDED_PLANNED_BLOCK,PLANNED_BLOCK_WINDOW,False,15
B-00613,Sunday,C04,C04-S01,C04-WA01,ST04,ST05,01:00,05:00,1,EXTENDED_PLANNED_BLOCK,PLANNED_BLOCK_WINDOW,False,15
B-00614,Sunday,C04,C04-S01,C04-WA01,ST04,ST05,10:00,14:30,1,EXTENDED_PLANNED_BLOCK,PLANNED_BLOCK_WINDOW,False,15
B-00615,Sunday,C04,C04-S01,C04-WA01,ST04,ST05,22:30,03:00,1,EXTENDED_PLANNED_BLOCK,PLANNED_BLOCK_WINDOW,False,15
B-00616,Sunday,C04,C04-S02,C04-WA02,ST04,ST05,01:00,05:00,1,EXTENDED_PLANNED_BLOCK,PLANNED_BLOCK_WINDOW,False,15
B-00617,Sunday,C04,C04-S02,C04-WA02,ST04,ST05,10:00,14:30,1,EXTENDED_PLANNED_BLOCK,PLANNED_BLOCK_WINDOW,False,15
B-00618,Sunday,C04,C04-S02,C04-WA02,ST04,ST05,22:30,03:00,1,EXTENDED_PLANNED_BLOCK,PLANNED_BLOCK_WINDOW,False,15
B-00619,Sunday,C04,C04-S03,C04-WA03,ST04,ST05,01:00,05:00,1,EXTENDED_PLANNED_BLOCK,PLANNED_BLOCK_WINDOW,False,15
B-00620,Sunday,C04,C04-S03,C04-WA03,ST04,ST05,10:00,14:30,1,EXTENDED_PLANNED_BLOCK,PLANNED_BLOCK_WINDOW,False,15
B-00621,Sunday,C04,C04-S03,C04-WA03,ST04,ST05,22:30,03:00,1,EXTENDED_PLANNED_BLOCK,PLANNED_BLOCK_WINDOW,False,15
B-00622,Sunday,C04,C04-S04,C04-WA04,ST04,ST05,01:00,05:00,1,EXTENDED_PLANNED_BLOCK,PLANNED_BLOCK_WINDOW,False,15
B-00623,Sunday,C04,C04-S04,C04-WA04,ST04,ST05,10:00,14:30,1,EXTENDED_PLANNED_BLOCK,PLANNED_BLOCK_WINDOW,False,15
B-00624,Sunday,C04,C04-S04,C04-WA04,ST04,ST05,22:30,03:00,1,EXTENDED_PLANNED_BLOCK,PLANNED_BLOCK_WINDOW,False,15
