train_no,train_name,train_type,sequence,station_id,arrival,departure
12000,SIM-12000,MEMU,1,ST01,19:22,19:26
12000,SIM-12000,MEMU,2,ST02,19:53,20:00
12000,SIM-12000,MEMU,3,ST03,20:26,20:28
12000,SIM-12000,MEMU,4,ST04,21:04,21:10
12000,SIM-12000,MEMU,5,ST05,21:14,21:18
12000,SIM-12000,MEMU,6,ST06,21:37,21:43
12000,SIM-12000,MEMU,7,ST07,22:46,22:49
12001,SIM-12001,Passenger,1,ST01,04:45,04:49
12001,SIM-12001,Passenger,2,ST02,05:13,05:19
12001,SIM-12001,Passenger,3,ST09,05:59,06:05
12001,SIM-12001,Passenger,4,ST10,06:03,06:06
12001,SIM-12001,Passenger,5,ST11,07:25,07:31
12001,SIM-12001,Passenger,6,ST12,07:30,07:36
12002,SIM-12002,Superfast,1,ST13,17:40,17:43
12002,SIM-12002,Superfast,2,ST14,18:18,18:23
12002,SIM-12002,Superfast,3,ST15,18:34,18:40
12002,SIM-12002,Superfast,4,ST05,19:04,19:10
12002,SIM-12002,Superfast,5,ST06,19:20,19:26
12002,SIM-12002,Superfast,6,ST07,21:00,21:06
12003,SIM-12003,Intercity,1,ST01,13:57,14:03
12003,SIM-12003,Intercity,2,ST17,14:33,14:37
12003,SIM-12003,Intercity,3,ST18,15:07,15:12
12003,SIM-12003,Intercity,4,ST19,15:12,15:14
12003,SIM-12003,Intercity,5,ST20,15:53,15:55
12004,SIM-12004,Superfast,1,ST13,09:13,09:20
12004,SIM-12004,Superfast,2,ST16,09:49,09:51
12004,SIM-12004,Superfast,3,ST03,10:33,10:38
12004,SIM-12004,Superfast,4,ST04,11:04,11:09
12005,SIM-12005,Passenger,1,ST01,11:37,11:40
12005,SIM-12005,Passenger,2,ST02,12:14,12:16
12005,SIM-12005,Passenger,3,ST03,12:39,12:43
12005,SIM-12005,Passenger,4,ST04,13:49,13:52
12005,SIM-12005,Passenger,5,ST05,13:37,13:41
12005,SIM-12005,Passenger,6,ST06,15:17,15:24
12005,SIM-12005,Passenger,7,ST07,14:07,14:10
12006,SIM-12006,Superfast,1,ST01,17:15,17:22
12006,SIM-12006,Superfast,2,ST02,17:45,17:49
12006,SIM-12006,Superfast,3,ST09,18:31,18:33
12006,SIM-12006,Superfast,4,ST10,19:03,19:08
12006,SIM-12006,Superfast,5,ST11,19:55,20:02
12006,SIM-12006,Superfast,6,ST12,20:25,20:29
12007,SIM-12007,Intercity,1,ST13,08:32,08:35
12007,SIM-12007,Intercity,2,ST14,09:03,09:05
12007,SIM-12007,Intercity,3,ST15,09:26,09:28
12007,SIM-12007,Intercity,4,ST05,10:32,10:38
12007,SIM-12007,Intercity,5,ST06,11:04,11:08
12007,SIM-12007,Intercity,6,ST07,11:47,11:49
12008,SIM-12008,Express,1,ST01,18:54,18:58
12008,SIM-12008,Express,2,ST17,19:32,19:36
12008,SIM-12008,Express,3,ST18,20:00,20:02
12008,SIM-12008,Express,4,ST19,20:30,20:33
12008,SIM-12008,Express,5,ST20,20:58,21:04
12009,SIM-12009,Superfast,1,ST13,13:14,13:16
12009,SIM-12009,Superfast,2,ST16,13:45,13:47
12009,SIM-12009,Superfast,3,ST03,14:16,14:23
12009,SIM-12009,Superfast,4,ST04,14:50,14:57
12010,SIM-12010,Superfast,1,ST01,10:23,10:29
12010,SIM-12010,Superfast,2,ST02,11:07,11:10
12010,SIM-12010,Superfast,3,ST03,11:43,11:46
12010,SIM-12010,Superfast,4,ST04,12:20,12:26
12010,SIM-12010,Superfast,5,ST05,12:35,12:41
12010,SIM-12010,Superfast,6,ST06,12:53,12:55
12010,SIM-12010,Superfast,7,ST07,12:59,13:03
12011,SIM-12011,Superfast,1,ST01,18:57,19:00
12011,SIM-12011,Superfast,2,ST02,19:36,19:39
12011,SIM-12011,Superfast,3,ST09,20:19,20:24
12011,SIM-12011,Superfast,4,ST10,20:42,20:45
12011,SIM-12011,Superfast,5,ST11,21:13,21:20
12011,SIM-12011,Superfast,6,ST12,21:02,21:08
12012,SIM-12012,Superfast,1,ST13,10:20,10:23
12012,SIM-12012,Superfast,2,ST14,10:57,10:59
12012,SIM-12012,Superfast,3,ST15,11:32,11:34
12012,SIM-12012,Superfast,4,ST05,12:11,12:16
12012,SIM-12012,Superfast,5,ST06,12:04,12:10
12012,SIM-12012,Superfast,6,ST07,13:05,13:11
12013,SIM-12013,Superfast,1,ST01,00:52,00:55
12013,SIM-12013,Superfast,2,ST17,01:30,01:32
12013,SIM-12013,Superfast,3,ST18,02:08,02:10
12013,SIM-12013,Superfast,4,ST19,02:16,02:21
12013,SIM-12013,Superfast,5,ST20,03:32,03:35
12014,SIM-12014,Passenger,1,ST13,06:17,06:21
12014,SIM-12014,Passenger,2,ST16,06:48,06:53
12014,SIM-12014,Passenger,3,ST03,07:29,07:32
12014,SIM-12014,Passenger,4,ST04,07:32,07:34
12015,SIM-12015,Superfast,1,ST01,20:07,20:13
12015,SIM-12015,Superfast,2,ST02,20:33,20:35
12015,SIM-12015,Superfast,3,ST03,21:07,21:11
12015,SIM-12015,Superfast,4,ST04,22:01,22:05
12015,SIM-12015,Superfast,5,ST05,22:19,22:26
12015,SIM-12015,Superfast,6,ST06,22:27,22:32
12015,SIM-12015,Superfast,7,ST07,23:37,23:41
12016,SIM-12016,Superfast,1,ST01,16:57,17:02
12016,SIM-12016,Superfast,2,ST02,17:32,17:39
12016,SIM-12016,Superfast,3,ST09,18:03,18:06
12016,SIM-12016,Superfast,4,ST10,18:12,18:16
12016,SIM-12016,Superfast,5,ST11,19:41,19:43
12016,SIM-12016,Superfast,6,ST12,20:27,20:32
12017,SIM-12017,Passenger,1,ST13,02:56,02:58
12017,SIM-12017,Passenger,2,ST14,03:34,03:40
12017,SIM-12017,Passenger,3,ST15,03:50,03:53
12017,SIM-12017,Passenger,4,ST05,04:23,04:28
12017,SIM-12017,Passenger,5,ST06,05:32,05:38
12017,SIM-12017,Passenger,6,ST07,06:31,06:37
12018,SIM-12018,MEMU,1,ST01,06:44,06:51
12018,SIM-12018,MEMU,2,ST17,07:13,07:16
12018,SIM-12018,MEMU,3,ST18,07:34,07:36
12018,SIM-12018,MEMU,4,ST19,08:32,08:37
12018,SIM-12018,MEMU,5,ST20,08:52,08:55
12019,SIM-12019,Intercity,1,ST13,17:25,17:28
12019,SIM-12019,Intercity,2,ST16,17:54,18:01
12019,SIM-12019,Intercity,3,ST03,18:39,18:42
12019,SIM-12019,Intercity,4,ST04,19:16,19:21
12020,SIM-12020,MEMU,1,ST01,19:00,19:03
12020,SIM-12020,MEMU,2,ST02,19:28,19:33
12020,SIM-12020,MEMU,3,ST03,19:50,19:53
12020,SIM-12020,MEMU,4,ST04,20:39,20:46
12020,SIM-12020,MEMU,5,ST05,21:56,21:58
12020,SIM-12020,MEMU,6,ST06,22:30,22:32
12020,SIM-12020,MEMU,7,ST07,22:54,23:01
12021,SIM-12021,MEMU,1,ST01,18:42,18:47
12021,SIM-12021,MEMU,2,ST02,19:16,19:19
12021,SIM-12021,MEMU,3,ST09,19:32,19:38
12021,SIM-12021,MEMU,4,ST10,20:15,20:20
12021,SIM-12021,MEMU,5,ST11,20:54,20:58
12021,SIM-12021,MEMU,6,ST12,22:12,22:14
12022,SIM-12022,Superfast,1,ST13,15:28,15:30
12022,SIM-12022,Superfast,2,ST14,16:11,16:18
12022,SIM-12022,Superfast,3,ST15,16:26,16:28
12022,SIM-12022,Superfast,4,ST05,16:49,16:51
12022,SIM-12022,Superfast,5,ST06,18:12,18:19
12022,SIM-12022,Superfast,6,ST07,17:48,17:54
12023,SIM-12023,Passenger,1,ST01,03:45,03:52
12023,SIM-12023,Passenger,2,ST17,04:10,04:13
12023,SIM-12023,Passenger,3,ST18,04:45,04:48
12023,SIM-12023,Passenger,4,ST19,05:57,06:03
12023,SIM-12023,Passenger,5,ST20,05:49,05:56
12024,SIM-12024,Express,1,ST13,10:29,10:36
12024,SIM-12024,Express,2,ST16,10:54,10:57
12024,SIM-12024,Express,3,ST03,11:27,11:30
12024,SIM-12024,Express,4,ST04,11:50,11:52
12025,SIM-12025,Express,1,ST01,14:13,14:18
12025,SIM-12025,Express,2,ST02,14:56,15:02
12025,SIM-12025,Express,3,ST03,15:33,15:38
12025,SIM-12025,Express,4,ST04,15:52,15:55
12025,SIM-12025,Express,5,ST05,17:01,17:07
12025,SIM-12025,Express,6,ST06,16:18,16:24
12025,SIM-12025,Express,7,ST07,16:49,16:55
12026,SIM-12026,Express,1,ST01,17:20,17:25
12026,SIM-12026,Express,2,ST02,18:03,18:05
12026,SIM-12026,Express,3,ST09,18:24,18:31
12026,SIM-12026,Express,4,ST10,18:53,18:55
12026,SIM-12026,Express,5,ST11,19:36,19:41
12026,SIM-12026,Express,6,ST12,20:30,20:33
12027,SIM-12027,Superfast,1,ST13,20:04,20:11
12027,SIM-12027,Superfast,2,ST14,20:38,20:40
12027,SIM-12027,Superfast,3,ST15,21:16,21:21
12027,SIM-12027,Superfast,4,ST05,21:25,21:30
12027,SIM-12027,Superfast,5,ST06,22:48,22:50
12027,SIM-12027,Superfast,6,ST07,23:19,23:21
12028,SIM-12028,MEMU,1,ST01,15:43,15:45
12028,SIM-12028,MEMU,2,ST17,16:19,16:22
12028,SIM-12028,MEMU,3,ST18,17:09,17:15
12028,SIM-12028,MEMU,4,ST19,17:46,17:50
12028,SIM-12028,MEMU,5,ST20,17:59,18:04
12029,SIM-12029,Express,1,ST13,16:28,16:30
12029,SIM-12029,Express,2,ST16,16:58,17:04
12029,SIM-12029,Express,3,ST03,17:28,17:34
12029,SIM-12029,Express,4,ST04,18:10,18:13
12030,SIM-12030,Passenger,1,ST01,07:01,07:08
12030,SIM-12030,Passenger,2,ST02,07:43,07:49
12030,SIM-12030,Passenger,3,ST03,08:15,08:18
12030,SIM-12030,Passenger,4,ST04,08:40,08:42
12030,SIM-12030,Passenger,5,ST05,09:09,09:16
12030,SIM-12030,Passenger,6,ST06,09:46,09:48
12030,SIM-12030,Passenger,7,ST07,10:49,10:56
12031,SIM-12031,Superfast,1,ST01,18:13,18:16
12031,SIM-12031,Superfast,2,ST02,18:43,18:46
12031,SIM-12031,Superfast,3,ST09,19:41,19:47
12031,SIM-12031,Superfast,4,ST10,20:16,20:22
12031,SIM-12031,Superfast,5,ST11,21:09,21:11
12031,SIM-12031,Superfast,6,ST12,21:43,21:45
12032,SIM-12032,Express,1,ST13,09:59,10:02
12032,SIM-12032,Express,2,ST14,10:40,10:43
12032,SIM-12032,Express,3,ST15,11:01,11:08
12032,SIM-12032,Express,4,ST05,11:20,11:27
12032,SIM-12032,Express,5,ST06,12:51,12:56
12032,SIM-12032,Express,6,ST07,12:19,12:21
12033,SIM-12033,Express,1,ST01,05:58,06:00
12033,SIM-12033,Express,2,ST17,06:33,06:35
12033,SIM-12033,Express,3,ST18,07:16,07:18
12033,SIM-12033,Express,4,ST19,07:22,07:25
12033,SIM-12033,Express,5,ST20,08:42,08:44
12034,SIM-12034,Passenger,1,ST13,09:00,09:06
12034,SIM-12034,Passenger,2,ST16,09:32,09:38
12034,SIM-12034,Passenger,3,ST03,10:02,10:09
12034,SIM-12034,Passenger,4,ST04,10:45,10:51
12035,SIM-12035,MEMU,1,ST01,18:22,18:24
12035,SIM-12035,MEMU,2,ST02,18:56,18:59
12035,SIM-12035,MEMU,3,ST03,19:46,19:49
12035,SIM-12035,MEMU,4,ST04,19:49,19:52
12035,SIM-12035,MEMU,5,ST05,20:50,20:55
12035,SIM-12035,MEMU,6,ST06,21:57,22:01
12035,SIM-12035,MEMU,7,ST07,21:22,21:24
12036,SIM-12036,Passenger,1,ST01,00:08,00:15
12036,SIM-12036,Passenger,2,ST02,00:35,00:37
12036,SIM-12036,Passenger,3,ST09,01:30,01:32
12036,SIM-12036,Passenger,4,ST10,01:26,01:30
12036,SIM-12036,Passenger,5,ST11,03:00,03:06
12036,SIM-12036,Passenger,6,ST12,02:18,02:25
12037,SIM-12037,MEMU,1,ST13,17:42,17:49
12037,SIM-12037,MEMU,2,ST14,18:13,18:19
12037,SIM-12037,MEMU,3,ST15,18:54,19:00
12037,SIM-12037,MEMU,4,ST05,19:33,19:38
12037,SIM-12037,MEMU,5,ST06,20:10,20:16
12037,SIM-12037,MEMU,6,ST07,20:57,20:59
12038,SIM-12038,Passenger,1,ST01,17:20,17:27
12038,SIM-12038,Passenger,2,ST17,18:02,18:09
12038,SIM-12038,Passenger,3,ST18,18:28,18:34
12038,SIM-12038,Passenger,4,ST19,18:56,19:02
12038,SIM-12038,Passenger,5,ST20,19:48,19:51
12039,SIM-12039,Express,1,ST13,05:35,05:39
12039,SIM-12039,Express,2,ST16,06:03,06:07
12039,SIM-12039,Express,3,ST03,06:49,06:52
12039,SIM-12039,Express,4,ST04,07:08,07:12
12040,SIM-12040,Superfast,1,ST01,10:36,10:40
12040,SIM-12040,Superfast,2,ST02,11:08,11:11
12040,SIM-12040,Superfast,3,ST03,11:52,11:55
12040,SIM-12040,Superfast,4,ST04,12:06,12:12
12040,SIM-12040,Superfast,5,ST05,13:28,13:34
12040,SIM-12040,Superfast,6,ST06,14:11,14:18
12040,SIM-12040,Superfast,7,ST07,14:00,14:06
12041,SIM-12041,Passenger,1,ST01,06:53,07:00
12041,SIM-12041,Passenger,2,ST02,07:27,07:32
12041,SIM-12041,Passenger,3,ST09,07:51,07:57
12041,SIM-12041,Passenger,4,ST10,08:41,08:46
12041,SIM-12041,Passenger,5,ST11,09:33,09:38
12041,SIM-12041,Passenger,6,ST12,09:03,09:06
12042,SIM-12042,Express,1,ST13,03:42,03:47
12042,SIM-12042,Express,2,ST14,04:20,04:25
12042,SIM-12042,Express,3,ST15,05:06,05:13
12042,SIM-12042,Express,4,ST05,05:03,05:10
12042,SIM-12042,Express,5,ST06,06:10,06:15
12042,SIM-12042,Express,6,ST07,05:52,05:57
12043,SIM-12043,Express,1,ST01,15:14,15:21
12043,SIM-12043,Express,2,ST17,15:53,15:55
12043,SIM-12043,Express,3,ST18,16:42,16:49
12043,SIM-12043,Express,4,ST19,16:38,16:44
12043,SIM-12043,Express,5,ST20,17:26,17:31
12044,SIM-12044,Intercity,1,ST13,09:20,09:27
12044,SIM-12044,Intercity,2,ST16,10:03,10:05
12044,SIM-12044,Intercity,3,ST03,10:20,10:26
12044,SIM-12044,Intercity,4,ST04,11:08,11:10
12045,SIM-12045,Passenger,1,ST01,01:59,02:02
12045,SIM-12045,Passenger,2,ST02,02:26,02:31
12045,SIM-12045,Passenger,3,ST03,02:49,02:54
12045,SIM-12045,Passenger,4,ST04,03:41,03:45
12045,SIM-12045,Passenger,5,ST05,04:31,04:36
12045,SIM-12045,Passenger,6,ST06,05:14,05:20
12045,SIM-12045,Passenger,7,ST07,06:17,06:23
12046,SIM-12046,Passenger,1,ST01,10:52,10:54
12046,SIM-12046,Passenger,2,ST02,11:35,11:42
12046,SIM-12046,Passenger,3,ST09,11:46,11:52
12046,SIM-12046,Passenger,4,ST10,12:13,12:19
12046,SIM-12046,Passenger,5,ST11,12:36,12:40
12046,SIM-12046,Passenger,6,ST12,14:02,14:08
12047,SIM-12047,Intercity,1,ST13,08:47,08:53
12047,SIM-12047,Intercity,2,ST14,09:26,09:30
12047,SIM-12047,Intercity,3,ST15,10:05,10:12
12047,SIM-12047,Intercity,4,ST05,10:50,10:56
12047,SIM-12047,Intercity,5,ST06,11:15,11:18
12047,SIM-12047,Intercity,6,ST07,12:07,12:11
12048,SIM-12048,Express,1,ST01,11:10,11:17
12048,SIM-12048,Express,2,ST17,11:37,11:39
12048,SIM-12048,Express,3,ST18,12:36,12:41
12048,SIM-12048,Express,4,ST19,12:49,12:55
12048,SIM-12048,Express,5,ST20,13:18,13:20
12049,SIM-12049,Passenger,1,ST13,15:19,15:26
12049,SIM-12049,Passenger,2,ST16,15:51,15:57
12049,SIM-12049,Passenger,3,ST03,16:33,16:37
12049,SIM-12049,Passenger,4,ST04,16:40,16:44
12050,SIM-12050,Intercity,1,ST01,13:41,13:48
12050,SIM-12050,Intercity,2,ST02,14:25,14:29
12050,SIM-12050,Intercity,3,ST03,14:35,14:38
12050,SIM-12050,Intercity,4,ST04,15:47,15:54
12050,SIM-12050,Intercity,5,ST05,16:09,16:11
12050,SIM-12050,Intercity,6,ST06,15:56,16:00
12050,SIM-12050,Intercity,7,ST07,17:17,17:19
12051,SIM-12051,Express,1,ST01,14:24,14:28
12051,SIM-12051,Express,2,ST02,15:03,15:09
12051,SIM-12051,Express,3,ST09,15:30,15:33
12051,SIM-12051,Express,4,ST10,16:36,16:40
12051,SIM-12051,Express,5,ST11,16:28,16:32
12051,SIM-12051,Express,6,ST12,16:29,16:32
12052,SIM-12052,Intercity,1,ST13,10:49,10:54
12052,SIM-12052,Intercity,2,ST14,11:16,11:20
12052,SIM-12052,Intercity,3,ST15,12:17,12:19
12052,SIM-12052,Intercity,4,ST05,12:55,13:01
12052,SIM-12052,Intercity,5,ST06,12:49,12:55
12052,SIM-12052,Intercity,6,ST07,14:14,14:16
12053,SIM-12053,MEMU,1,ST01,02:14,02:19
12053,SIM-12053,MEMU,2,ST17,02:41,02:46
12053,SIM-12053,MEMU,3,ST18,03:28,03:30
12053,SIM-12053,MEMU,4,ST19,04:08,04:15
12053,SIM-12053,MEMU,5,ST20,05:02,05:04
12054,SIM-12054,Express,1,ST13,05:09,05:16
12054,SIM-12054,Express,2,ST16,05:49,05:55
12054,SIM-12054,Express,3,ST03,06:05,06:07
12054,SIM-12054,Express,4,ST04,07:18,07:21
12055,SIM-12055,Express,1,ST01,13:46,13:48
12055,SIM-12055,Express,2,ST02,14:14,14:16
12055,SIM-12055,Express,3,ST03,15:08,15:13
12055,SIM-12055,Express,4,ST04,15:58,16:04
12055,SIM-12055,Express,5,ST05,16:42,16:45
12055,SIM-12055,Express,6,ST06,16:16,16:23
12055,SIM-12055,Express,7,ST07,16:40,16:42
12056,SIM-12056,MEMU,1,ST01,14:03,14:05
12056,SIM-12056,MEMU,2,ST02,14:43,14:50
12056,SIM-12056,MEMU,3,ST09,15:19,15:25
12056,SIM-12056,MEMU,4,ST10,16:06,16:10
12056,SIM-12056,MEMU,5,ST11,15:43,15:47
12056,SIM-12056,MEMU,6,ST12,16:28,16:30
12057,SIM-12057,Passenger,1,ST13,02:37,02:43
12057,SIM-12057,Passenger,2,ST14,03:12,03:17
12057,SIM-12057,Passenger,3,ST15,03:29,03:36
12057,SIM-12057,Passenger,4,ST05,04:16,04:18
12057,SIM-12057,Passenger,5,ST06,05:21,05:27
12057,SIM-12057,Passenger,6,ST07,04:47,04:50
12058,SIM-12058,Intercity,1,ST01,00:19,00:24
12058,SIM-12058,Intercity,2,ST17,01:03,01:09
12058,SIM-12058,Intercity,3,ST18,01:33,01:38
12058,SIM-12058,Intercity,4,ST19,01:37,01:39
12058,SIM-12058,Intercity,5,ST20,02:47,02:49
12059,SIM-12059,MEMU,1,ST13,00:53,00:59
12059,SIM-12059,MEMU,2,ST16,01:26,01:29
12059,SIM-12059,MEMU,3,ST03,01:57,01:59
12059,SIM-12059,MEMU,4,ST04,02:53,02:56
12060,SIM-12060,Superfast,1,ST01,07:54,07:59
12060,SIM-12060,Superfast,2,ST02,08:34,08:37
12060,SIM-12060,Superfast,3,ST03,09:08,09:15
12060,SIM-12060,Superfast,4,ST04,09:42,09:46
12060,SIM-12060,Superfast,5,ST05,09:42,09:45
12060,SIM-12060,Superfast,6,ST06,11:29,11:34
12060,SIM-12060,Superfast,7,ST07,11:00,11:04
12061,SIM-12061,Passenger,1,ST01,12:08,12:13
12061,SIM-12061,Passenger,2,ST02,12:41,12:48
12061,SIM-12061,Passenger,3,ST09,13:04,13:06
12061,SIM-12061,Passenger,4,ST10,13:50,13:55
12061,SIM-12061,Passenger,5,ST11,14:40,14:44
12061,SIM-12061,Passenger,6,ST12,15:43,15:47
12062,SIM-12062,Express,1,ST13,02:42,02:49
12062,SIM-12062,Express,2,ST14,03:12,03:14
12062,SIM-12062,Express,3,ST15,03:44,03:49
12062,SIM-12062,Express,4,ST05,04:21,04:27
12062,SIM-12062,Express,5,ST06,05:10,05:14
12062,SIM-12062,Express,6,ST07,05:47,05:54
12063,SIM-12063,Superfast,1,ST01,08:38,08:41
12063,SIM-12063,Superfast,2,ST17,09:21,09:26
12063,SIM-12063,Superfast,3,ST18,09:52,09:55
12063,SIM-12063,Superfast,4,ST19,10:47,10:49
12063,SIM-12063,Superfast,5,ST20,10:38,10:42
12064,SIM-12064,Express,1,ST13,10:01,10:03
12064,SIM-12064,Express,2,ST16,10:37,10:41
12064,SIM-12064,Express,3,ST03,11:13,11:18
12064,SIM-12064,Express,4,ST04,11:58,12:03
12065,SIM-12065,Passenger,1,ST01,13:36,13:39
12065,SIM-12065,Passenger,2,ST02,14:05,14:11
12065,SIM-12065,Passenger,3,ST03,14:38,14:43
12065,SIM-12065,Passenger,4,ST04,15:00,15:04
12065,SIM-12065,Passenger,5,ST05,15:56,16:01
12065,SIM-12065,Passenger,6,ST06,16:31,16:35
12065,SIM-12065,Passenger,7,ST07,18:00,18:05
12066,SIM-12066,MEMU,1,ST01,16:58,17:00
12066,SIM-12066,MEMU,2,ST02,17:41,17:48
12066,SIM-12066,MEMU,3,ST09,18:08,18:14
12066,SIM-12066,MEMU,4,ST10,18:43,18:46
12066,SIM-12066,MEMU,5,ST11,19:38,19:41
12066,SIM-12066,MEMU,6,ST12,19:33,19:38
12067,SIM-12067,Superfast,1,ST13,17:35,17:37
12067,SIM-12067,Superfast,2,ST14,18:01,18:03
12067,SIM-12067,Superfast,3,ST15,18:59,19:06
12067,SIM-12067,Superfast,4,ST05,19:38,19:40
12067,SIM-12067,Superfast,5,ST06,19:19,19:22
12067,SIM-12067,Superfast,6,ST07,20:35,20:39
12068,SIM-12068,Superfast,1,ST01,10:14,10:16
12068,SIM-12068,Superfast,2,ST17,10:53,11:00
12068,SIM-12068,Superfast,3,ST18,11:04,11:08
12068,SIM-12068,Superfast,4,ST19,12:17,12:23
12068,SIM-12068,Superfast,5,ST20,13:02,13:06
12069,SIM-12069,Express,1,ST13,07:49,07:54
12069,SIM-12069,Express,2,ST16,08:27,08:29
12069,SIM-12069,Express,3,ST03,08:59,09:03
12069,SIM-12069,Express,4,ST04,09:34,09:41
12070,SIM-12070,Intercity,1,ST01,01:36,01:40
12070,SIM-12070,Intercity,2,ST02,02:07,02:13
12070,SIM-12070,Intercity,3,ST03,02:52,02:54
12070,SIM-12070,Intercity,4,ST04,03:33,03:39
12070,SIM-12070,Intercity,5,ST05,03:44,03:51
12070,SIM-12070,Intercity,6,ST06,04:41,04:45
12070,SIM-12070,Intercity,7,ST07,04:06,04:12
12071,SIM-12071,Passenger,1,ST01,04:23,04:25
12071,SIM-12071,Passenger,2,ST02,05:02,05:04
12071,SIM-12071,Passenger,3,ST09,05:29,05:36
12071,SIM-12071,Passenger,4,ST10,06:32,06:39
12071,SIM-12071,Passenger,5,ST11,07:19,07:24
12071,SIM-12071,Passenger,6,ST12,06:48,06:55
12072,SIM-12072,Express,1,ST13,16:50,16:55
12072,SIM-12072,Express,2,ST14,17:23,17:30
12072,SIM-12072,Express,3,ST15,17:54,17:57
12072,SIM-12072,Express,4,ST05,18:08,18:15
12072,SIM-12072,Express,5,ST06,19:30,19:32
12072,SIM-12072,Express,6,ST07,19:35,19:39
12073,SIM-12073,Express,1,ST01,09:51,09:54
12073,SIM-12073,Express,2,ST17,10:20,10:27
12073,SIM-12073,Express,3,ST18,11:17,11:19
12073,SIM-12073,Express,4,ST19,11:42,11:45
12073,SIM-12073,Express,5,ST20,11:43,11:46
12074,SIM-12074,Passenger,1,ST13,04:04,04:10
12074,SIM-12074,Passenger,2,ST16,04:38,04:40
12074,SIM-12074,Passenger,3,ST03,04:56,04:59
12074,SIM-12074,Passenger,4,ST04,05:31,05:38
12075,SIM-12075,Passenger,1,ST01,17:42,17:47
12075,SIM-12075,Passenger,2,ST02,18:15,18:21
12075,SIM-12075,Passenger,3,ST03,19:02,19:08
12075,SIM-12075,Passenger,4,ST04,19:33,19:35
12075,SIM-12075,Passenger,5,ST05,20:18,20:22
12075,SIM-12075,Passenger,6,ST06,20:57,21:02
12075,SIM-12075,Passenger,7,ST07,21:54,21:58
12076,SIM-12076,Superfast,1,ST01,19:33,19:38
12076,SIM-12076,Superfast,2,ST02,20:13,20:19
12076,SIM-12076,Superfast,3,ST09,20:57,21:01
12076,SIM-12076,Superfast,4,ST10,21:18,21:22
12076,SIM-12076,Superfast,5,ST11,22:25,22:28
12076,SIM-12076,Superfast,6,ST12,22:33,22:35
12077,SIM-12077,Superfast,1,ST13,17:51,17:55
12077,SIM-12077,Superfast,2,ST14,18:32,18:37
12077,SIM-12077,Superfast,3,ST15,19:01,19:03
12077,SIM-12077,Superfast,4,ST05,19:06,19:10
12077,SIM-12077,Superfast,5,ST06,20:47,20:54
12077,SIM-12077,Superfast,6,ST07,20:56,21:01
12078,SIM-12078,Superfast,1,ST01,08:13,08:16
12078,SIM-12078,Superfast,2,ST17,08:41,08:44
12078,SIM-12078,Superfast,3,ST18,09:03,09:08
12078,SIM-12078,Superfast,4,ST19,10:22,10:28
12078,SIM-12078,Superfast,5,ST20,10:25,10:29
12079,SIM-12079,Passenger,1,ST13,06:27,06:29
12079,SIM-12079,Passenger,2,ST16,07:00,07:03
12079,SIM-12079,Passenger,3,ST03,07:23,07:29
12079,SIM-12079,Passenger,4,ST04,08:12,08:17
12080,SIM-12080,Passenger,1,ST01,14:58,15:05
12080,SIM-12080,Passenger,2,ST02,15:32,15:39
12080,SIM-12080,Passenger,3,ST03,16:18,16:23
12080,SIM-12080,Passenger,4,ST04,17:07,17:12
12080,SIM-12080,Passenger,5,ST05,17:34,17:37
12080,SIM-12080,Passenger,6,ST06,18:38,18:43
12080,SIM-12080,Passenger,7,ST07,18:58,19:02
12081,SIM-12081,Express,1,ST01,18:12,18:18
12081,SIM-12081,Express,2,ST02,18:53,18:57
12081,SIM-12081,Express,3,ST09,19:26,19:31
12081,SIM-12081,Express,4,ST10,20:24,20:29
12081,SIM-12081,Express,5,ST11,20:24,20:31
12081,SIM-12081,Express,6,ST12,20:27,20:34
12082,SIM-12082,Intercity,1,ST13,03:14,03:21
12082,SIM-12082,Intercity,2,ST14,03:53,03:58
12082,SIM-12082,Intercity,3,ST15,04:16,04:18
12082,SIM-12082,Intercity,4,ST05,04:35,04:38
12082,SIM-12082,Intercity,5,ST06,04:54,04:59
12082,SIM-12082,Intercity,6,ST07,06:34,06:41
12083,SIM-12083,MEMU,1,ST01,10:17,10:21
12083,SIM-12083,MEMU,2,ST17,10:48,10:55
12083,SIM-12083,MEMU,3,ST18,11:15,11:19
12083,SIM-12083,MEMU,4,ST19,11:35,11:41
12083,SIM-12083,MEMU,5,ST20,12:45,12:47
12084,SIM-12084,Intercity,1,ST13,04:39,04:42
12084,SIM-12084,Intercity,2,ST16,05:22,05:26
12084,SIM-12084,Intercity,3,ST03,06:01,06:04
12084,SIM-12084,Intercity,4,ST04,05:54,05:56
12085,SIM-12085,Express,1,ST01,07:49,07:51
12085,SIM-12085,Express,2,ST02,08:32,08:38
12085,SIM-12085,Express,3,ST03,09:09,09:15
12085,SIM-12085,Express,4,ST04,09:43,09:49
12085,SIM-12085,Express,5,ST05,09:29,09:36
12085,SIM-12085,Express,6,ST06,11:04,11:10
12085,SIM-12085,Express,7,ST07,11:01,11:07
12086,SIM-12086,Express,1,ST01,08:01,08:03
12086,SIM-12086,Express,2,ST02,08:38,08:41
12086,SIM-12086,Express,3,ST09,09:25,09:29
12086,SIM-12086,Express,4,ST10,09:16,09:23
12086,SIM-12086,Express,5,ST11,10:21,10:24
12086,SIM-12086,Express,6,ST12,11:11,11:16
12087,SIM-12087,Superfast,1,ST13,00:37,00:44
12087,SIM-12087,Superfast,2,ST14,01:14,01:20
12087,SIM-12087,Superfast,3,ST15,01:37,01:40
12087,SIM-12087,Superfast,4,ST05,02:16,02:23
12087,SIM-12087,Superfast,5,ST06,02:57,03:01
12087,SIM-12087,Superfast,6,ST07,03:57,04:04
12088,SIM-12088,Passenger,1,ST01,18:57,19:01
12088,SIM-12088,Passenger,2,ST17,19:29,19:31
12088,SIM-12088,Passenger,3,ST18,19:57,20:02
12088,SIM-12088,Passenger,4,ST19,21:03,21:10
12088,SIM-12088,Passenger,5,ST20,20:49,20:55
12089,SIM-12089,Superfast,1,ST13,01:46,01:52
12089,SIM-12089,Superfast,2,ST16,02:19,02:25
12089,SIM-12089,Superfast,3,ST03,02:56,03:03
12089,SIM-12089,Superfast,4,ST04,03:37,03:40
12090,SIM-12090,Express,1,ST01,16:16,16:18
12090,SIM-12090,Express,2,ST02,16:52,16:55
12090,SIM-12090,Express,3,ST03,17:44,17:51
12090,SIM-12090,Express,4,ST04,18:13,18:19
12090,SIM-12090,Express,5,ST05,18:40,18:42
12090,SIM-12090,Express,6,ST06,18:56,19:00
12090,SIM-12090,Express,7,ST07,20:34,20:37
12091,SIM-12091,Express,1,ST01,10:26,10:30
12091,SIM-12091,Express,2,ST02,10:52,10:54
12091,SIM-12091,Express,3,ST09,11:30,11:33
12091,SIM-12091,Express,4,ST10,12:14,12:16
12091,SIM-12091,Express,5,ST11,12:30,12:34
12091,SIM-12091,Express,6,ST12,14:06,14:11
12092,SIM-12092,Superfast,1,ST13,18:29,18:36
12092,SIM-12092,Superfast,2,ST14,19:13,19:20
12092,SIM-12092,Superfast,3,ST15,19:49,19:54
12092,SIM-12092,Superfast,4,ST05,20:14,20:21
12092,SIM-12092,Superfast,5,ST06,20:29,20:33
12092,SIM-12092,Superfast,6,ST07,21:59,22:03
12093,SIM-12093,Superfast,1,ST01,04:56,05:03
12093,SIM-12093,Superfast,2,ST17,05:27,05:32
12093,SIM-12093,Superfast,3,ST18,06:24,06:30
12093,SIM-12093,Superfast,4,ST19,06:23,06:28
12093,SIM-12093,Superfast,5,ST20,07:24,07:29
12094,SIM-12094,Express,1,ST13,00:31,00:34
12094,SIM-12094,Express,2,ST16,01:02,01:05
12094,SIM-12094,Express,3,ST03,01:27,01:31
12094,SIM-12094,Express,4,ST04,02:37,02:39
12095,SIM-12095,Passenger,1,ST01,05:56,06:02
12095,SIM-12095,Passenger,2,ST02,06:32,06:38
12095,SIM-12095,Passenger,3,ST03,07:10,07:14
12095,SIM-12095,Passenger,4,ST04,08:02,08:06
12095,SIM-12095,Passenger,5,ST05,08:48,08:55
12095,SIM-12095,Passenger,6,ST06,08:56,09:02
12095,SIM-12095,Passenger,7,ST07,08:56,09:02
12096,SIM-12096,Intercity,1,ST01,14:06,14:10
12096,SIM-12096,Intercity,2,ST02,14:34,14:37
12096,SIM-12096,Intercity,3,ST09,15:18,15:21
12096,SIM-12096,Intercity,4,ST10,15:27,15:31
12096,SIM-12096,Intercity,5,ST11,16:38,16:41
12096,SIM-12096,Intercity,6,ST12,17:46,17:52
12097,SIM-12097,Superfast,1,ST13,10:46,10:48
12097,SIM-12097,Superfast,2,ST14,11:29,11:36
12097,SIM-12097,Superfast,3,ST15,12:04,12:06
12097,SIM-12097,Superfast,4,ST05,12:16,12:18
12097,SIM-12097,Superfast,5,ST06,12:30,12:33
12097,SIM-12097,Superfast,6,ST07,13:46,13:48
12098,SIM-12098,Passenger,1,ST01,20:40,20:46
12098,SIM-12098,Passenger,2,ST17,21:11,21:13
12098,SIM-12098,Passenger,3,ST18,21:32,21:39
12098,SIM-12098,Passenger,4,ST19,22:01,22:06
12098,SIM-12098,Passenger,5,ST20,22:48,22:54
12099,SIM-12099,Passenger,1,ST13,01:16,01:19
12099,SIM-12099,Passenger,2,ST16,02:00,02:03
12099,SIM-12099,Passenger,3,ST03,02:24,02:28
12099,SIM-12099,Passenger,4,ST04,02:43,02:47
12100,SIM-12100,Express,1,ST01,03:10,03:14
12100,SIM-12100,Express,2,ST02,03:52,03:54
12100,SIM-12100,Express,3,ST03,04:00,04:02
12100,SIM-12100,Express,4,ST04,04:55,04:58
12100,SIM-12100,Express,5,ST05,05:26,05:28
12100,SIM-12100,Express,6,ST06,05:45,05:49
12100,SIM-12100,Express,7,ST07,06:28,06:33
12101,SIM-12101,Intercity,1,ST01,16:23,16:26
12101,SIM-12101,Intercity,2,ST02,16:52,16:55
12101,SIM-12101,Intercity,3,ST09,17:35,17:38
12101,SIM-12101,Intercity,4,ST10,18:32,18:36
12101,SIM-12101,Intercity,5,ST11,19:11,19:17
12101,SIM-12101,Intercity,6,ST12,18:58,19:01
12102,SIM-12102,MEMU,1,ST13,15:37,15:41
12102,SIM-12102,MEMU,2,ST14,16:02,16:06
12102,SIM-12102,MEMU,3,ST15,16:45,16:52
12102,SIM-12102,MEMU,4,ST05,17:34,17:37
12102,SIM-12102,MEMU,5,ST06,17:29,17:34
12102,SIM-12102,MEMU,6,ST07,17:42,17:45
12103,SIM-12103,MEMU,1,ST01,02:54,02:56
12103,SIM-12103,MEMU,2,ST17,03:37,03:40
12103,SIM-12103,MEMU,3,ST18,04:16,04:18
12103,SIM-12103,MEMU,4,ST19,04:18,04:20
12103,SIM-12103,MEMU,5,ST20,05:30,05:35
12104,SIM-12104,Passenger,1,ST13,09:59,10:02
12104,SIM-12104,Passenger,2,ST16,10:35,10:41
12104,SIM-12104,Passenger,3,ST03,11:21,11:25
12104,SIM-12104,Passenger,4,ST04,11:14,11:17
12105,SIM-12105,Passenger,1,ST01,17:55,17:57
12105,SIM-12105,Passenger,2,ST02,18:37,18:43
12105,SIM-12105,Passenger,3,ST03,19:23,19:30
12105,SIM-12105,Passenger,4,ST04,19:25,19:28
12105,SIM-12105,Passenger,5,ST05,19:51,19:58
12105,SIM-12105,Passenger,6,ST06,20:55,20:59
12105,SIM-12105,Passenger,7,ST07,22:19,22:24
12106,SIM-12106,Superfast,1,ST01,19:05,19:11
12106,SIM-12106,Superfast,2,ST02,19:46,19:48
12106,SIM-12106,Superfast,3,ST09,20:07,20:12
12106,SIM-12106,Superfast,4,ST10,21:05,21:07
12106,SIM-12106,Superfast,5,ST11,21:33,21:36
12106,SIM-12106,Superfast,6,ST12,21:30,21:35
12107,SIM-12107,Superfast,1,ST13,08:41,08:43
12107,SIM-12107,Superfast,2,ST14,09:23,09:25
12107,SIM-12107,Superfast,3,ST15,09:59,10:03
12107,SIM-12107,Superfast,4,ST05,10:17,10:19
12107,SIM-12107,Superfast,5,ST06,11:17,11:19
12107,SIM-12107,Superfast,6,ST07,11:51,11:57
12108,SIM-12108,Intercity,1,ST01,17:45,17:51
12108,SIM-12108,Intercity,2,ST17,18:16,18:18
12108,SIM-12108,Intercity,3,ST18,19:09,19:11
12108,SIM-12108,Intercity,4,ST19,19:33,19:36
12108,SIM-12108,Intercity,5,ST20,19:33,19:39
12109,SIM-12109,Passenger,1,ST13,03:01,03:04
12109,SIM-12109,Passenger,2,ST16,03:41,03:46
12109,SIM-12109,Passenger,3,ST03,03:55,04:02
12109,SIM-12109,Passenger,4,ST04,04:31,04:33
12110,SIM-12110,MEMU,1,ST01,19:24,19:29
12110,SIM-12110,MEMU,2,ST02,20:00,20:04
12110,SIM-12110,MEMU,3,ST03,20:18,20:23
12110,SIM-12110,MEMU,4,ST04,21:30,21:32
12110,SIM-12110,MEMU,5,ST05,22:12,22:16
12110,SIM-12110,MEMU,6,ST06,22:19,22:21
12110,SIM-12110,MEMU,7,ST07,23:06,23:09
12111,SIM-12111,Express,1,ST01,05:44,05:49
12111,SIM-12111,Express,2,ST02,06:11,06:14
12111,SIM-12111,Express,3,ST09,06:46,06:51
12111,SIM-12111,Express,4,ST10,07:56,08:03
12111,SIM-12111,Express,5,ST11,07:36,07:38
12111,SIM-12111,Express,6,ST12,07:54,07:59
12112,SIM-12112,MEMU,1,ST13,03:16,03:23
12112,SIM-12112,MEMU,2,ST14,03:46,03:51
12112,SIM-12112,MEMU,3,ST15,04:30,04:33
12112,SIM-12112,MEMU,4,ST05,05:04,05:09
12112,SIM-12112,MEMU,5,ST06,05:24,05:30
12112,SIM-12112,MEMU,6,ST07,06:26,06:31
12113,SIM-12113,Passenger,1,ST01,15:14,15:20
12113,SIM-12113,Passenger,2,ST17,15:53,16:00
12113,SIM-12113,Passenger,3,ST18,16:08,16:12
12113,SIM-12113,Passenger,4,ST19,17:23,17:28
12113,SIM-12113,Passenger,5,ST20,18:06,18:08
12114,SIM-12114,Passenger,1,ST13,00:44,00:48
12114,SIM-12114,Passenger,2,ST16,01:17,01:24
12114,SIM-12114,Passenger,3,ST03,01:36,01:42
12114,SIM-12114,Passenger,4,ST04,02:50,02:55
12115,SIM-12115,Passenger,1,ST01,08:17,08:19
12115,SIM-12115,Passenger,2,ST02,08:49,08:56
12115,SIM-12115,Passenger,3,ST03,09:17,09:20
12115,SIM-12115,Passenger,4,ST04,10:11,10:14
12115,SIM-12115,Passenger,5,ST05,11:09,11:16
12115,SIM-12115,Passenger,6,ST06,11:57,12:04
12115,SIM-12115,Passenger,7,ST07,11:11,11:14
12116,SIM-12116,Intercity,1,ST01,07:11,07:16
12116,SIM-12116,Intercity,2,ST02,07:53,07:58
12116,SIM-12116,Intercity,3,ST09,08:15,08:19
12116,SIM-12116,Intercity,4,ST10,08:56,08:58
12116,SIM-12116,Intercity,5,ST11,09:47,09:52
12116,SIM-12116,Intercity,6,ST12,10:26,10:31
12117,SIM-12117,Passenger,1,ST13,16:26,16:28
12117,SIM-12117,Passenger,2,ST14,17:06,17:13
12117,SIM-12117,Passenger,3,ST15,17:42,17:49
12117,SIM-12117,Passenger,4,ST05,18:32,18:38
12117,SIM-12117,Passenger,5,ST06,18:46,18:48
12117,SIM-12117,Passenger,6,ST07,18:31,18:34
12118,SIM-12118,Express,1,ST01,09:03,09:06
12118,SIM-12118,Express,2,ST17,09:47,09:54
12118,SIM-12118,Express,3,ST18,10:07,10:13
12118,SIM-12118,Express,4,ST19,11:00,11:07
12118,SIM-12118,Express,5,ST20,11:51,11:56
12119,SIM-12119,Superfast,1,ST13,08:17,08:22
12119,SIM-12119,Superfast,2,ST16,08:53,08:58
12119,SIM-12119,Superfast,3,ST03,09:21,09:25
12119,SIM-12119,Superfast,4,ST04,09:32,09:37
12120,SIM-12120,Superfast,1,ST01,12:05,12:07
12120,SIM-12120,Superfast,2,ST02,12:33,12:37
12120,SIM-12120,Superfast,3,ST03,13:09,13:13
12120,SIM-12120,Superfast,4,ST04,13:41,13:47
12120,SIM-12120,Superfast,5,ST05,13:53,13:56
12120,SIM-12120,Superfast,6,ST06,14:25,14:28
12120,SIM-12120,Superfast,7,ST07,15:53,15:55
12121,SIM-12121,MEMU,1,ST01,07:07,07:10
12121,SIM-12121,MEMU,2,ST02,07:35,07:37
12121,SIM-12121,MEMU,3,ST09,08:15,08:21
12121,SIM-12121,MEMU,4,ST10,08:55,09:02
12121,SIM-12121,MEMU,5,ST11,09:11,09:14
12121,SIM-12121,MEMU,6,ST12,09:57,10:00
12122,SIM-12122,Passenger,1,ST13,20:29,20:31
12122,SIM-12122,Passenger,2,ST14,21:03,21:07
12122,SIM-12122,Passenger,3,ST15,21:29,21:31
12122,SIM-12122,Passenger,4,ST05,21:44,21:46
12122,SIM-12122,Passenger,5,ST06,22:45,22:47
12122,SIM-12122,Passenger,6,ST07,00:09,00:12
12123,SIM-12123,Superfast,1,ST01,13:42,13:44
12123,SIM-12123,Superfast,2,ST17,14:11,14:14
12123,SIM-12123,Superfast,3,ST18,14:36,14:39
12123,SIM-12123,Superfast,4,ST19,15:15,15:21
12123,SIM-12123,Superfast,5,ST20,15:46,15:53
12124,SIM-12124,MEMU,1,ST13,16:13,16:18
12124,SIM-12124,MEMU,2,ST16,16:57,17:01
12124,SIM-12124,MEMU,3,ST03,17:41,17:46
12124,SIM-12124,MEMU,4,ST04,17:31,17:35
12125,SIM-12125,Superfast,1,ST01,02:53,02:58
12125,SIM-12125,Superfast,2,ST02,03:26,03:28
12125,SIM-12125,Superfast,3,ST03,04:15,04:22
12125,SIM-12125,Superfast,4,ST04,04:50,04:55
12125,SIM-12125,Superfast,5,ST05,05:05,05:10
12125,SIM-12125,Superfast,6,ST06,05:48,05:50
12125,SIM-12125,Superfast,7,ST07,05:29,05:32
12126,SIM-12126,MEMU,1,ST01,09:32,09:36
12126,SIM-12126,MEMU,2,ST02,10:08,10:13
12126,SIM-12126,MEMU,3,ST09,10:50,10:56
12126,SIM-12126,MEMU,4,ST10,11:02,11:09
12126,SIM-12126,MEMU,5,ST11,11:40,11:47
12126,SIM-12126,MEMU,6,ST12,12:17,12:19
12127,SIM-12127,Intercity,1,ST13,15:57,16:00
12127,SIM-12127,Intercity,2,ST14,16:34,16:41
12127,SIM-12127,Intercity,3,ST15,17:03,17:05
12127,SIM-12127,Intercity,4,ST05,17:24,17:31
12127,SIM-12127,Intercity,5,ST06,18:33,18:35
12127,SIM-12127,Intercity,6,ST07,18:37,18:40
12128,SIM-12128,Express,1,ST01,03:44,03:49
12128,SIM-12128,Express,2,ST17,04:17,04:19
12128,SIM-12128,Express,3,ST18,04:50,04:53
12128,SIM-12128,Express,4,ST19,05:11,05:18
12128,SIM-12128,Express,5,ST20,06:20,06:22
12129,SIM-12129,MEMU,1,ST13,17:52,17:56
12129,SIM-12129,MEMU,2,ST16,18:27,18:32
12129,SIM-12129,MEMU,3,ST03,19:10,19:13
12129,SIM-12129,MEMU,4,ST04,19:25,19:28
12130,SIM-12130,MEMU,1,ST01,06:13,06:15
12130,SIM-12130,MEMU,2,ST02,06:55,06:57
12130,SIM-12130,MEMU,3,ST03,07:33,07:36
12130,SIM-12130,MEMU,4,ST04,07:58,08:01
12130,SIM-12130,MEMU,5,ST05,08:29,08:33
12130,SIM-12130,MEMU,6,ST06,09:08,09:12
12130,SIM-12130,MEMU,7,ST07,09:43,09:49
12131,SIM-12131,Express,1,ST01,09:07,09:09
12131,SIM-12131,Express,2,ST02,09:35,09:42
12131,SIM-12131,Express,3,ST09,09:59,10:03
12131,SIM-12131,Express,4,ST10,11:10,11:17
12131,SIM-12131,Express,5,ST11,10:55,10:57
12131,SIM-12131,Express,6,ST12,11:47,11:52
12132,SIM-12132,Superfast,1,ST13,20:09,20:16
12132,SIM-12132,Superfast,2,ST14,20:34,20:38
12132,SIM-12132,Superfast,3,ST15,21:03,21:05
12132,SIM-12132,Superfast,4,ST05,22:18,22:20
12132,SIM-12132,Superfast,5,ST06,22:13,22:20
12132,SIM-12132,Superfast,6,ST07,23:14,23:16
12133,SIM-12133,Superfast,1,ST01,09:45,09:50
12133,SIM-12133,Superfast,2,ST17,10:23,10:26
12133,SIM-12133,Superfast,3,ST18,11:07,11:14
12133,SIM-12133,Superfast,4,ST19,11:06,11:12
12133,SIM-12133,Superfast,5,ST20,12:29,12:35
12134,SIM-12134,Express,1,ST13,07:47,07:53
12134,SIM-12134,Express,2,ST16,08:30,08:36
12134,SIM-12134,Express,3,ST03,08:49,08:54
12134,SIM-12134,Express,4,ST04,09:05,09:12
12135,SIM-12135,Intercity,1,ST01,07:11,07:16
12135,SIM-12135,Intercity,2,ST02,07:37,07:43
12135,SIM-12135,Intercity,3,ST03,08:25,08:31
12135,SIM-12135,Intercity,4,ST04,09:14,09:17
12135,SIM-12135,Intercity,5,ST05,09:07,09:14
12135,SIM-12135,Intercity,6,ST06,10:06,10:10
12135,SIM-12135,Intercity,7,ST07,10:11,10:16
12136,SIM-12136,MEMU,1,ST01,15:49,15:52
12136,SIM-12136,MEMU,2,ST02,16:19,16:26
12136,SIM-12136,MEMU,3,ST09,16:41,16:45
12136,SIM-12136,MEMU,4,ST10,17:31,17:37
12136,SIM-12136,MEMU,5,ST11,17:37,17:41
12136,SIM-12136,MEMU,6,ST12,18:09,18:15
12137,SIM-12137,Superfast,1,ST13,13:16,13:23
12137,SIM-12137,Superfast,2,ST14,13:53,13:56
12137,SIM-12137,Superfast,3,ST15,14:22,14:28
12137,SIM-12137,Superfast,4,ST05,15:13,15:17
12137,SIM-12137,Superfast,5,ST06,15:20,15:25
12137,SIM-12137,Superfast,6,ST07,16:26,16:31
12138,SIM-12138,MEMU,1,ST01,01:31,01:36
12138,SIM-12138,MEMU,2,ST17,02:02,02:07
12138,SIM-12138,MEMU,3,ST18,02:27,02:29
12138,SIM-12138,MEMU,4,ST19,03:25,03:32
12138,SIM-12138,MEMU,5,ST20,04:15,04:20
12139,SIM-12139,Superfast,1,ST13,00:50,00:57
12139,SIM-12139,Superfast,2,ST16,01:29,01:35
12139,SIM-12139,Superfast,3,ST03,01:50,01:57
12139,SIM-12139,Superfast,4,ST04,02:32,02:37
12140,SIM-12140,Superfast,1,ST01,15:46,15:50
12140,SIM-12140,Superfast,2,ST02,16:29,16:35
12140,SIM-12140,Superfast,3,ST03,16:50,16:56
12140,SIM-12140,Superfast,4,ST04,17:43,17:47
12140,SIM-12140,Superfast,5,ST05,17:58,18:05
12140,SIM-12140,Superfast,6,ST06,18:46,18:48
12140,SIM-12140,Superfast,7,ST07,19:40,19:45
12141,SIM-12141,MEMU,1,ST01,10:41,10:45
12141,SIM-12141,MEMU,2,ST02,11:09,11:14
12141,SIM-12141,MEMU,3,ST09,11:47,11:51
12141,SIM-12141,MEMU,4,ST10,12:35,12:39
12141,SIM-12141,MEMU,5,ST11,12:57,13:01
12141,SIM-12141,MEMU,6,ST12,13:11,13:13
12142,SIM-12142,Passenger,1,ST13,17:22,17:24
12142,SIM-12142,Passenger,2,ST14,18:00,18:06
12142,SIM-12142,Passenger,3,ST15,18:38,18:41
12142,SIM-12142,Passenger,4,ST05,18:37,18:44
12142,SIM-12142,Passenger,5,ST06,19:26,19:32
12142,SIM-12142,Passenger,6,ST07,19:42,19:44
12143,SIM-12143,MEMU,1,ST01,16:20,16:23
12143,SIM-12143,MEMU,2,ST17,17:03,17:09
12143,SIM-12143,MEMU,3,ST18,17:16,17:18
12143,SIM-12143,MEMU,4,ST19,18:26,18:29
12143,SIM-12143,MEMU,5,ST20,19:00,19:02
12144,SIM-12144,Passenger,1,ST13,05:53,06:00
12144,SIM-12144,Passenger,2,ST16,06:36,06:42
12144,SIM-12144,Passenger,3,ST03,06:51,06:58
12144,SIM-12144,Passenger,4,ST04,07:38,07:43
12145,SIM-12145,MEMU,1,ST01,14:43,14:48
12145,SIM-12145,MEMU,2,ST02,15:22,15:25
12145,SIM-12145,MEMU,3,ST03,15:45,15:50
12145,SIM-12145,MEMU,4,ST04,16:01,16:04
12145,SIM-12145,MEMU,5,ST05,17:19,17:26
12145,SIM-12145,MEMU,6,ST06,17:38,17:42
12145,SIM-12145,MEMU,7,ST07,18:01,18:07
12146,SIM-12146,Superfast,1,ST01,11:26,11:32
12146,SIM-12146,Superfast,2,ST02,12:08,12:15
12146,SIM-12146,Superfast,3,ST09,12:40,12:44
12146,SIM-12146,Superfast,4,ST10,13:05,13:08
12146,SIM-12146,Superfast,5,ST11,14:18,14:25
12146,SIM-12146,Superfast,6,ST12,14:56,14:59
12147,SIM-12147,Passenger,1,ST13,06:45,06:49
12147,SIM-12147,Passenger,2,ST14,07:18,07:23
12147,SIM-12147,Passenger,3,ST15,08:07,08:11
12147,SIM-12147,Passenger,4,ST05,08:48,08:51
12147,SIM-12147,Passenger,5,ST06,08:57,09:04
12147,SIM-12147,Passenger,6,ST07,10:25,10:32
12148,SIM-12148,MEMU,1,ST01,06:38,06:40
12148,SIM-12148,MEMU,2,ST17,07:17,07:24
12148,SIM-12148,MEMU,3,ST18,07:58,08:01
12148,SIM-12148,MEMU,4,ST19,08:38,08:40
12148,SIM-12148,MEMU,5,ST20,08:54,08:59
12149,SIM-12149,Express,1,ST13,09:35,09:40
12149,SIM-12149,Express,2,ST16,10:12,10:15
12149,SIM-12149,Express,3,ST03,10:37,10:40
12149,SIM-12149,Express,4,ST04,11:17,11:22
12150,SIM-12150,Express,1,ST01,07:36,07:41
12150,SIM-12150,Express,2,ST02,08:17,08:20
12150,SIM-12150,Express,3,ST03,09:00,09:05
12150,SIM-12150,Express,4,ST04,09:00,09:04
12150,SIM-12150,Express,5,ST05,09:16,09:18
12150,SIM-12150,Express,6,ST06,10:11,10:15
12150,SIM-12150,Express,7,ST07,11:36,11:38
12151,SIM-12151,Express,1,ST01,17:37,17:43
12151,SIM-12151,Express,2,ST02,18:14,18:16
12151,SIM-12151,Express,3,ST09,18:31,18:35
12151,SIM-12151,Express,4,ST10,19:19,19:26
12151,SIM-12151,Express,5,ST11,19:37,19:40
12151,SIM-12151,Express,6,ST12,21:12,21:14
12152,SIM-12152,Passenger,1,ST13,00:33,00:40
12152,SIM-12152,Passenger,2,ST14,01:16,01:19
12152,SIM-12152,Passenger,3,ST15,02:01,02:06
12152,SIM-12152,Passenger,4,ST05,01:51,01:58
12152,SIM-12152,Passenger,5,ST06,02:21,02:26
12152,SIM-12152,Passenger,6,ST07,03:53,03:56
12153,SIM-12153,MEMU,1,ST01,05:40,05:45
12153,SIM-12153,MEMU,2,ST17,06:14,06:16
12153,SIM-12153,MEMU,3,ST18,06:58,07:04
12153,SIM-12153,MEMU,4,ST19,07:28,07:31
12153,SIM-12153,MEMU,5,ST20,07:32,07:36
12154,SIM-12154,Passenger,1,ST13,10:38,10:41
12154,SIM-12154,Passenger,2,ST16,11:16,11:22
12154,SIM-12154,Passenger,3,ST03,11:54,11:56
12154,SIM-12154,Passenger,4,ST04,12:50,12:52
12155,SIM-12155,Passenger,1,ST01,20:59,21:01
12155,SIM-12155,Passenger,2,ST02,21:37,21:43
12155,SIM-12155,Passenger,3,ST03,21:53,22:00
12155,SIM-12155,Passenger,4,ST04,22:32,22:35
12155,SIM-12155,Passenger,5,ST05,22:59,23:03
12155,SIM-12155,Passenger,6,ST06,23:19,23:23
12155,SIM-12155,Passenger,7,ST07,23:53,23:55
12156,SIM-12156,Superfast,1,ST01,07:44,07:47
12156,SIM-12156,Superfast,2,ST02,08:24,08:30
12156,SIM-12156,Superfast,3,ST09,09:06,09:13
12156,SIM-12156,Superfast,4,ST10,09:47,09:54
12156,SIM-12156,Superfast,5,ST11,09:56,10:00
12156,SIM-12156,Superfast,6,ST12,10:19,10:22
12157,SIM-12157,Intercity,1,ST13,15:43,15:47
12157,SIM-12157,Intercity,2,ST14,16:12,16:19
12157,SIM-12157,Intercity,3,ST15,16:43,16:45
12157,SIM-12157,Intercity,4,ST05,17:31,17:38
12157,SIM-12157,Intercity,5,ST06,18:35,18:37
12157,SIM-12157,Intercity,6,ST07,18:18,18:20
12158,SIM-12158,Express,1,ST01,06:27,06:32
12158,SIM-12158,Express,2,ST17,06:53,06:56
12158,SIM-12158,Express,3,ST18,07:17,07:19
12158,SIM-12158,Express,4,ST19,08:06,08:13
12158,SIM-12158,Express,5,ST20,09:07,09:09
12159,SIM-12159,Passenger,1,ST13,00:43,00:49
12159,SIM-12159,Passenger,2,ST16,01:14,01:17
12159,SIM-12159,Passenger,3,ST03,01:33,01:35
12159,SIM-12159,Passenger,4,ST04,02:01,02:08
12160,SIM-12160,Passenger,1,ST01,05:38,05:42
12160,SIM-12160,Passenger,2,ST02,06:19,06:21
12160,SIM-12160,Passenger,3,ST03,06:30,06:34
12160,SIM-12160,Passenger,4,ST04,07:14,07:19
12160,SIM-12160,Passenger,5,ST05,08:14,08:19
12160,SIM-12160,Passenger,6,ST06,08:08,08:11
12160,SIM-12160,Passenger,7,ST07,09:38,09:41
12161,SIM-12161,Intercity,1,ST01,10:35,10:39
12161,SIM-12161,Intercity,2,ST02,11:06,11:10
12161,SIM-12161,Intercity,3,ST09,11:41,11:44
12161,SIM-12161,Intercity,4,ST10,12:26,12:29
12161,SIM-12161,Intercity,5,ST11,13:03,13:09
12161,SIM-12161,Intercity,6,ST12,14:15,14:17
12162,SIM-12162,Express,1,ST13,15:57,15:59
12162,SIM-12162,Express,2,ST14,16:25,16:27
12162,SIM-12162,Express,3,ST15,17:19,17:21
12162,SIM-12162,Express,4,ST05,17:33,17:39
12162,SIM-12162,Express,5,ST06,18:53,19:00
12162,SIM-12162,Express,6,ST07,18:12,18:19
12163,SIM-12163,Superfast,1,ST01,13:43,13:47
12163,SIM-12163,Superfast,2,ST17,14:11,14:18
12163,SIM-12163,Superfast,3,ST18,15:11,15:18
12163,SIM-12163,Superfast,4,ST19,15:55,16:02
12163,SIM-12163,Superfast,5,ST20,15:59,16:02
12164,SIM-12164,Passenger,1,ST13,12:57,13:04
12164,SIM-12164,Passenger,2,ST16,13:27,13:30
12164,SIM-12164,Passenger,3,ST03,14:15,14:17
12164,SIM-12164,Passenger,4,ST04,14:45,14:51
12165,SIM-12165,Intercity,1,ST01,11:34,11:40
12165,SIM-12165,Intercity,2,ST02,12:08,12:10
12165,SIM-12165,Intercity,3,ST03,12:44,12:46
12165,SIM-12165,Intercity,4,ST04,13:43,13:48
12165,SIM-12165,Intercity,5,ST05,13:42,13:46
12165,SIM-12165,Intercity,6,ST06,14:39,14:42
12165,SIM-12165,Intercity,7,ST07,14:34,14:38
12166,SIM-12166,Intercity,1,ST01,05:25,05:29
12166,SIM-12166,Intercity,2,ST02,06:01,06:03
12166,SIM-12166,Intercity,3,ST09,06:29,06:35
12166,SIM-12166,Intercity,4,ST10,06:55,06:57
12166,SIM-12166,Intercity,5,ST11,07:45,07:47
12166,SIM-12166,Intercity,6,ST12,08:00,08:04
12167,SIM-12167,Passenger,1,ST13,11:50,11:52
12167,SIM-12167,Passenger,2,ST14,12:22,12:24
12167,SIM-12167,Passenger,3,ST15,12:40,12:43
12167,SIM-12167,Passenger,4,ST05,13:38,13:45
12167,SIM-12167,Passenger,5,ST06,14:30,14:35
12167,SIM-12167,Passenger,6,ST07,15:10,15:13
12168,SIM-12168,Superfast,1,ST01,17:38,17:44
12168,SIM-12168,Superfast,2,ST17,18:12,18:19
12168,SIM-12168,Superfast,3,ST18,19:04,19:08
12168,SIM-12168,Superfast,4,ST19,18:56,19:00
12168,SIM-12168,Superfast,5,ST20,19:34,19:38
12169,SIM-12169,Express,1,ST13,12:18,12:24
12169,SIM-12169,Express,2,ST16,12:43,12:46
12169,SIM-12169,Express,3,ST03,13:42,13:44
12169,SIM-12169,Express,4,ST04,13:57,14:00
12170,SIM-12170,Express,1,ST01,02:11,02:13
12170,SIM-12170,Express,2,ST02,02:38,02:43
12170,SIM-12170,Express,3,ST03,03:35,03:38
12170,SIM-12170,Express,4,ST04,03:44,03:48
12170,SIM-12170,Express,5,ST05,04:19,04:22
12170,SIM-12170,Express,6,ST06,04:21,04:26
12170,SIM-12170,Express,7,ST07,05:23,05:27
12171,SIM-12171,Passenger,1,ST01,05:33,05:36
12171,SIM-12171,Passenger,2,ST02,06:14,06:21
12171,SIM-12171,Passenger,3,ST09,06:23,06:30
12171,SIM-12171,Passenger,4,ST10,07:27,07:29
12171,SIM-12171,Passenger,5,ST11,08:13,08:15
12171,SIM-12171,Passenger,6,ST12,07:43,07:45
12172,SIM-12172,Express,1,ST13,09:39,09:42
12172,SIM-12172,Express,2,ST14,10:21,10:28
12172,SIM-12172,Express,3,ST15,10:59,11:01
12172,SIM-12172,Express,4,ST05,11:42,11:48
12172,SIM-12172,Express,5,ST06,11:59,12:01
12172,SIM-12172,Express,6,ST07,13:19,13:23
12173,SIM-12173,Superfast,1,ST01,00:55,00:58
12173,SIM-12173,Superfast,2,ST17,01:29,01:36
12173,SIM-12173,Superfast,3,ST18,01:47,01:52
12173,SIM-12173,Superfast,4,ST19,03:04,03:10
12173,SIM-12173,Superfast,5,ST20,03:47,03:50
12174,SIM-12174,Superfast,1,ST13,16:49,16:54
12174,SIM-12174,Superfast,2,ST16,17:23,17:26
12174,SIM-12174,Superfast,3,ST03,18:17,18:24
12174,SIM-12174,Superfast,4,ST04,18:25,18:31
12175,SIM-12175,Passenger,1,ST01,08:20,08:22
12175,SIM-12175,Passenger,2,ST02,08:58,09:01
12175,SIM-12175,Passenger,3,ST03,09:18,09:21
12175,SIM-12175,Passenger,4,ST04,10:32,10:34
12175,SIM-12175,Passenger,5,ST05,11:00,11:07
12175,SIM-12175,Passenger,6,ST06,10:25,10:30
12175,SIM-12175,Passenger,7,ST07,11:56,12:00
12176,SIM-12176,Superfast,1,ST01,14:00,14:06
12176,SIM-12176,Superfast,2,ST02,14:37,14:41
12176,SIM-12176,Superfast,3,ST09,15:26,15:32
12176,SIM-12176,Superfast,4,ST10,16:09,16:15
12176,SIM-12176,Superfast,5,ST11,16:08,16:14
12176,SIM-12176,Superfast,6,ST12,16:35,16:38
12177,SIM-12177,Passenger,1,ST13,09:28,09:32
12177,SIM-12177,Passenger,2,ST14,09:58,10:03
12177,SIM-12177,Passenger,3,ST15,10:32,10:37
12177,SIM-12177,Passenger,4,ST05,11:04,11:07
12177,SIM-12177,Passenger,5,ST06,12:24,12:28
12177,SIM-12177,Passenger,6,ST07,11:38,11:42
12178,SIM-12178,Express,1,ST01,11:10,11:15
12178,SIM-12178,Express,2,ST17,11:49,11:56
12178,SIM-12178,Express,3,ST18,12:14,12:21
12178,SIM-12178,Express,4,ST19,12:37,12:43
12178,SIM-12178,Express,5,ST20,13:34,13:40
12179,SIM-12179,Superfast,1,ST13,15:51,15:57
12179,SIM-12179,Superfast,2,ST16,16:35,16:42
12179,SIM-12179,Superfast,3,ST03,16:47,16:52
12179,SIM-12179,Superfast,4,ST04,17:12,17:18
12180,SIM-12180,MEMU,1,ST01,20:50,20:57
12180,SIM-12180,MEMU,2,ST02,21:22,21:24
12180,SIM-12180,MEMU,3,ST03,22:16,22:23
12180,SIM-12180,MEMU,4,ST04,22:38,22:45
12180,SIM-12180,MEMU,5,ST05,22:30,22:35
12180,SIM-12180,MEMU,6,ST06,22:55,23:02
12180,SIM-12180,MEMU,7,ST07,00:38,00:45
12181,SIM-12181,Express,1,ST01,11:48,11:54
12181,SIM-12181,Express,2,ST02,12:16,12:23
12181,SIM-12181,Express,3,ST09,12:46,12:50
12181,SIM-12181,Express,4,ST10,13:15,13:19
12181,SIM-12181,Express,5,ST11,14:04,14:06
12181,SIM-12181,Express,6,ST12,14:48,14:54
12182,SIM-12182,MEMU,1,ST13,19:39,19:46
12182,SIM-12182,MEMU,2,ST14,20:11,20:18
12182,SIM-12182,MEMU,3,ST15,20:51,20:53
12182,SIM-12182,MEMU,4,ST05,21:09,21:15
12182,SIM-12182,MEMU,5,ST06,21:31,21:35
12182,SIM-12182,MEMU,6,ST07,22:59,23:01
12183,SIM-12183,Passenger,1,ST01,10:25,10:32
12183,SIM-12183,Passenger,2,ST17,10:51,10:58
12183,SIM-12183,Passenger,3,ST18,11:45,11:52
12183,SIM-12183,Passenger,4,ST19,12:31,12:34
12183,SIM-12183,Passenger,5,ST20,13:17,13:22
12184,SIM-12184,Superfast,1,ST13,20:12,20:14
12184,SIM-12184,Superfast,2,ST16,20:39,20:43
12184,SIM-12184,Superfast,3,ST03,21:34,21:39
12184,SIM-12184,Superfast,4,ST04,21:54,21:57
12185,SIM-12185,MEMU,1,ST01,11:51,11:56
12185,SIM-12185,MEMU,2,ST02,12:34,12:38
12185,SIM-12185,MEMU,3,ST03,13:17,13:21
12185,SIM-12185,MEMU,4,ST04,13:12,13:16
12185,SIM-12185,MEMU,5,ST05,13:39,13:41
12185,SIM-12185,MEMU,6,ST06,15:21,15:27
12185,SIM-12185,MEMU,7,ST07,14:45,14:52
12186,SIM-12186,Superfast,1,ST01,01:26,01:32
12186,SIM-12186,Superfast,2,ST02,02:08,02:10
12186,SIM-12186,Superfast,3,ST09,02:16,02:23
12186,SIM-12186,Superfast,4,ST10,03:11,03:16
12186,SIM-12186,Superfast,5,ST11,03:42,03:46
12186,SIM-12186,Superfast,6,ST12,04:36,04:41
12187,SIM-12187,Passenger,1,ST13,03:25,03:29
12187,SIM-12187,Passenger,2,ST14,04:05,04:10
12187,SIM-12187,Passenger,3,ST15,04:19,04:21
12187,SIM-12187,Passenger,4,ST05,05:13,05:17
12187,SIM-12187,Passenger,5,ST06,06:21,06:26
12187,SIM-12187,Passenger,6,ST07,07:00,07:03
12188,SIM-12188,Express,1,ST01,09:23,09:27
12188,SIM-12188,Express,2,ST17,09:54,09:57
12188,SIM-12188,Express,3,ST18,10:15,10:20
12188,SIM-12188,Express,4,ST19,11:32,11:35
12188,SIM-12188,Express,5,ST20,11:35,11:38
12189,SIM-12189,MEMU,1,ST13,16:59,17:01
12189,SIM-12189,MEMU,2,ST16,17:35,17:40
12189,SIM-12189,MEMU,3,ST03,18:27,18:34
12189,SIM-12189,MEMU,4,ST04,19:05,19:10
12190,SIM-12190,Superfast,1,ST01,07:33,07:37
12190,SIM-12190,Superfast,2,ST02,07:58,08:01
12190,SIM-12190,Superfast,3,ST03,08:43,08:47
12190,SIM-12190,Superfast,4,ST04,09:45,09:49
12190,SIM-12190,Superfast,5,ST05,10:29,10:34
12190,SIM-12190,Superfast,6,ST06,09:38,09:41
12190,SIM-12190,Superfast,7,ST07,11:27,11:32
12191,SIM-12191,MEMU,1,ST01,06:20,06:22
12191,SIM-12191,MEMU,2,ST02,06:51,06:58
12191,SIM-12191,MEMU,3,ST09,07:40,07:47
12191,SIM-12191,MEMU,4,ST10,08:29,08:31
12191,SIM-12191,MEMU,5,ST11,08:20,08:22
12191,SIM-12191,MEMU,6,ST12,08:25,08:32
12192,SIM-12192,Passenger,1,ST13,19:40,19:42
12192,SIM-12192,Passenger,2,ST14,20:23,20:30
12192,SIM-12192,Passenger,3,ST15,20:52,20:58
12192,SIM-12192,Passenger,4,ST05,21:16,21:22
12192,SIM-12192,Passenger,5,ST06,21:52,21:59
12192,SIM-12192,Passenger,6,ST07,21:50,21:53
12193,SIM-12193,Superfast,1,ST01,20:20,20:23
12193,SIM-12193,Superfast,2,ST17,20:55,20:58
12193,SIM-12193,Superfast,3,ST18,21:16,21:23
12193,SIM-12193,Superfast,4,ST19,21:44,21:46
12193,SIM-12193,Superfast,5,ST20,22:52,22:59
12194,SIM-12194,Intercity,1,ST13,02:40,02:42
12194,SIM-12194,Intercity,2,ST16,03:24,03:29
12194,SIM-12194,Intercity,3,ST03,04:02,04:06
12194,SIM-12194,Intercity,4,ST04,04:49,04:54
12195,SIM-12195,Intercity,1,ST01,02:39,02:44
12195,SIM-12195,Intercity,2,ST02,03:11,03:16
12195,SIM-12195,Intercity,3,ST03,04:07,04:14
12195,SIM-12195,Intercity,4,ST04,04:06,04:13
12195,SIM-12195,Intercity,5,ST05,04:51,04:57
12195,SIM-12195,Intercity,6,ST06,05:59,06:03
12195,SIM-12195,Intercity,7,ST07,06:03,06:07
12196,SIM-12196,Superfast,1,ST01,18:06,18:09
12196,SIM-12196,Superfast,2,ST02,18:38,18:40
12196,SIM-12196,Superfast,3,ST09,18:58,19:04
12196,SIM-12196,Superfast,4,ST10,19:24,19:29
12196,SIM-12196,Superfast,5,ST11,20:46,20:52
12196,SIM-12196,Superfast,6,ST12,20:51,20:54
12197,SIM-12197,Passenger,1,ST13,19:32,19:34
12197,SIM-12197,Passenger,2,ST14,20:03,20:05
12197,SIM-12197,Passenger,3,ST15,20:56,20:59
12197,SIM-12197,Passenger,4,ST05,21:02,21:09
12197,SIM-12197,Passenger,5,ST06,22:16,22:19
12197,SIM-12197,Passenger,6,ST07,22:12,22:17
12198,SIM-12198,MEMU,1,ST01,13:56,13:58
12198,SIM-12198,MEMU,2,ST17,14:25,14:30
12198,SIM-12198,MEMU,3,ST18,14:46,14:50
12198,SIM-12198,MEMU,4,ST19,15:20,15:27
12198,SIM-12198,MEMU,5,ST20,15:40,15:42
12199,SIM-12199,Passenger,1,ST13,04:05,04:12
12199,SIM-12199,Passenger,2,ST16,04:35,04:40
12199,SIM-12199,Passenger,3,ST03,05:21,05:26
12199,SIM-12199,Passenger,4,ST04,06:05,06:08
12200,SIM-12200,Passenger,1,ST01,10:39,10:44
12200,SIM-12200,Passenger,2,ST02,11:21,11:26
12200,SIM-12200,Passenger,3,ST03,12:05,12:07
12200,SIM-12200,Passenger,4,ST04,12:12,12:14
12200,SIM-12200,Passenger,5,ST05,12:23,12:27
12200,SIM-12200,Passenger,6,ST06,13:04,13:08
12200,SIM-12200,Passenger,7,ST07,13:57,14:02
12201,SIM-12201,Superfast,1,ST01,19:51,19:57
12201,SIM-12201,Superfast,2,ST02,20:18,20:23
12201,SIM-12201,Superfast,3,ST09,20:57,21:00
12201,SIM-12201,Superfast,4,ST10,21:42,21:45
12201,SIM-12201,Superfast,5,ST11,21:43,21:48
12201,SIM-12201,Superfast,6,ST12,22:11,22:17
12202,SIM-12202,Express,1,ST13,03:24,03:30
12202,SIM-12202,Express,2,ST14,04:03,04:10
12202,SIM-12202,Express,3,ST15,04:20,04:26
12202,SIM-12202,Express,4,ST05,05:33,05:39
12202,SIM-12202,Express,5,ST06,05:16,05:22
12202,SIM-12202,Express,6,ST07,05:39,05:44
12203,SIM-12203,Passenger,1,ST01,10:27,10:32
12203,SIM-12203,Passenger,2,ST17,11:10,11:14
12203,SIM-12203,Passenger,3,ST18,11:27,11:34
12203,SIM-12203,Passenger,4,ST19,11:45,11:49
12203,SIM-12203,Passenger,5,ST20,12:47,12:51
12204,SIM-12204,Express,1,ST13,19:21,19:27
12204,SIM-12204,Express,2,ST16,19:57,20:00
12204,SIM-12204,Express,3,ST03,20:19,20:25
12204,SIM-12204,Express,4,ST04,21:12,21:17
12205,SIM-12205,MEMU,1,ST01,01:04,01:08
12205,SIM-12205,MEMU,2,ST02,01:38,01:45
12205,SIM-12205,MEMU,3,ST03,02:04,02:08
12205,SIM-12205,MEMU,4,ST04,03:01,03:03
12205,SIM-12205,MEMU,5,ST05,03:48,03:54
12205,SIM-12205,MEMU,6,ST06,04:19,04:24
12205,SIM-12205,MEMU,7,ST07,04:58,05:04
12206,SIM-12206,Passenger,1,ST01,18:58,19:01
12206,SIM-12206,Passenger,2,ST02,19:40,19:46
12206,SIM-12206,Passenger,3,ST09,20:12,20:15
12206,SIM-12206,Passenger,4,ST10,20:31,20:35
12206,SIM-12206,Passenger,5,ST11,21:30,21:36
12206,SIM-12206,Passenger,6,ST12,22:08,22:15
12207,SIM-12207,Superfast,1,ST13,20:10,20:14
12207,SIM-12207,Superfast,2,ST14,20:47,20:53
12207,SIM-12207,Superfast,3,ST15,21:14,21:19
12207,SIM-12207,Superfast,4,ST05,21:25,21:31
12207,SIM-12207,Superfast,5,ST06,22:26,22:30
12207,SIM-12207,Superfast,6,ST07,23:05,23:08
12208,SIM-12208,Express,1,ST01,12:33,12:37
12208,SIM-12208,Express,2,ST17,13:01,13:05
12208,SIM-12208,Express,3,ST18,13:47,13:49
12208,SIM-12208,Express,4,ST19,14:30,14:33
12208,SIM-12208,Express,5,ST20,15:21,15:27
12209,SIM-12209,Express,1,ST13,05:43,05:50
12209,SIM-12209,Express,2,ST16,06:24,06:26
12209,SIM-12209,Express,3,ST03,06:43,06:46
12209,SIM-12209,Express,4,ST04,07:19,07:22
12210,SIM-12210,MEMU,1,ST01,06:53,06:59
12210,SIM-12210,MEMU,2,ST02,07:33,07:36
12210,SIM-12210,MEMU,3,ST03,08:11,08:18
12210,SIM-12210,MEMU,4,ST04,08:17,08:23
12210,SIM-12210,MEMU,5,ST05,09:01,09:07
12210,SIM-12210,MEMU,6,ST06,09:43,09:49
12210,SIM-12210,MEMU,7,ST07,09:35,09:39
12211,SIM-12211,Superfast,1,ST01,05:44,05:46
12211,SIM-12211,Superfast,2,ST02,06:23,06:28
12211,SIM-12211,Superfast,3,ST09,07:06,07:12
12211,SIM-12211,Superfast,4,ST10,07:05,07:07
12211,SIM-12211,Superfast,5,ST11,07:56,08:00
12211,SIM-12211,Superfast,6,ST12,08:09,08:15
12212,SIM-12212,Intercity,1,ST13,12:12,12:15
12212,SIM-12212,Intercity,2,ST14,12:45,12:49
12212,SIM-12212,Intercity,3,ST15,13:34,13:37
12212,SIM-12212,Intercity,4,ST05,13:39,13:43
12212,SIM-12212,Intercity,5,ST06,14:20,14:23
12212,SIM-12212,Intercity,6,ST07,14:32,14:35
12213,SIM-12213,Superfast,1,ST01,09:49,09:52
12213,SIM-12213,Superfast,2,ST17,10:32,10:38
12213,SIM-12213,Superfast,3,ST18,10:45,10:48
12213,SIM-12213,Superfast,4,ST19,11:13,11:16
12213,SIM-12213,Superfast,5,ST20,11:57,11:59
12214,SIM-12214,Superfast,1,ST13,00:18,00:25
12214,SIM-12214,Superfast,2,ST16,00:50,00:57
12214,SIM-12214,Superfast,3,ST03,01:16,01:21
12214,SIM-12214,Superfast,4,ST04,02:18,02:20
12215,SIM-12215,Superfast,1,ST01,19:31,19:36
12215,SIM-12215,Superfast,2,ST02,19:56,20:03
12215,SIM-12215,Superfast,3,ST03,20:45,20:52
12215,SIM-12215,Superfast,4,ST04,21:13,21:18
12215,SIM-12215,Superfast,5,ST05,21:43,21:50
12215,SIM-12215,Superfast,6,ST06,22:56,23:03
12215,SIM-12215,Superfast,7,ST07,23:01,23:07
12216,SIM-12216,Express,1,ST01,07:32,07:38
12216,SIM-12216,Express,2,ST02,07:57,08:02
12216,SIM-12216,Express,3,ST09,08:40,08:44
12216,SIM-12216,Express,4,ST10,09:14,09:18
12216,SIM-12216,Express,5,ST11,09:44,09:48
12216,SIM-12216,Express,6,ST12,10:32,10:38
12217,SIM-12217,Intercity,1,ST13,11:35,11:37
12217,SIM-12217,Intercity,2,ST14,12:14,12:17
12217,SIM-12217,Intercity,3,ST15,12:31,12:37
12217,SIM-12217,Intercity,4,ST05,12:53,13:00
12217,SIM-12217,Intercity,5,ST06,14:15,14:22
12217,SIM-12217,Intercity,6,ST07,14:45,14:52
12218,SIM-12218,Superfast,1,ST01,02:29,02:31
12218,SIM-12218,Superfast,2,ST17,03:02,03:08
12218,SIM-12218,Superfast,3,ST18,03:29,03:35
12218,SIM-12218,Superfast,4,ST19,04:20,04:25
12218,SIM-12218,Superfast,5,ST20,05:21,05:25
12219,SIM-12219,Passenger,1,ST13,07:14,07:17
12219,SIM-12219,Passenger,2,ST16,07:43,07:46
12219,SIM-12219,Passenger,3,ST03,08:12,08:15
12219,SIM-12219,Passenger,4,ST04,09:11,09:13
12220,SIM-12220,Superfast,1,ST01,13:13,13:15
12220,SIM-12220,Superfast,2,ST02,13:54,13:56
12220,SIM-12220,Superfast,3,ST03,14:29,14:35
12220,SIM-12220,Superfast,4,ST04,14:37,14:43
12220,SIM-12220,Superfast,5,ST05,15:05,15:08
12220,SIM-12220,Superfast,6,ST06,16:38,16:45
12220,SIM-12220,Superfast,7,ST07,16:13,16:20
12221,SIM-12221,Express,1,ST01,19:10,19:16
12221,SIM-12221,Express,2,ST02,19:54,20:00
12221,SIM-12221,Express,3,ST09,20:16,20:19
12221,SIM-12221,Express,4,ST10,21:22,21:25
12221,SIM-12221,Express,5,ST11,21:14,21:21
12221,SIM-12221,Express,6,ST12,22:10,22:13
12222,SIM-12222,Superfast,1,ST13,00:06,00:12
12222,SIM-12222,Superfast,2,ST14,00:36,00:42
12222,SIM-12222,Superfast,3,ST15,01:26,01:31
12222,SIM-12222,Superfast,4,ST05,02:06,02:11
12222,SIM-12222,Superfast,5,ST06,02:14,02:20
12222,SIM-12222,Superfast,6,ST07,03:31,03:38
12223,SIM-12223,Express,1,ST01,04:28,04:33
12223,SIM-12223,Express,2,ST17,05:00,05:07
12223,SIM-12223,Express,3,ST18,05:52,05:54
12223,SIM-12223,Express,4,ST19,05:55,05:58
12223,SIM-12223,Express,5,ST20,07:16,07:21
12224,SIM-12224,Express,1,ST13,15:18,15:20
12224,SIM-12224,Express,2,ST16,15:50,15:54
12224,SIM-12224,Express,3,ST03,16:36,16:38
12224,SIM-12224,Express,4,ST04,16:54,16:57
12225,SIM-12225,Express,1,ST01,03:57,04:01
12225,SIM-12225,Express,2,ST02,04:30,04:34
12225,SIM-12225,Express,3,ST03,05:15,05:22
12225,SIM-12225,Express,4,ST04,05:42,05:47
12225,SIM-12225,Express,5,ST05,06:33,06:39
12225,SIM-12225,Express,6,ST06,06:12,06:19
12225,SIM-12225,Express,7,ST07,06:45,06:49
12226,SIM-12226,MEMU,1,ST01,13:42,13:44
12226,SIM-12226,MEMU,2,ST02,14:11,14:18
12226,SIM-12226,MEMU,3,ST09,15:00,15:02
12226,SIM-12226,MEMU,4,ST10,15:42,15:49
12226,SIM-12226,MEMU,5,ST11,15:26,15:30
12226,SIM-12226,MEMU,6,ST12,16:32,16:34
12227,SIM-12227,Express,1,ST13,04:12,04:16
12227,SIM-12227,Express,2,ST14,04:41,04:44
12227,SIM-12227,Express,3,ST15,05:08,05:14
12227,SIM-12227,Express,4,ST05,05:39,05:46
12227,SIM-12227,Express,5,ST06,06:32,06:38
12227,SIM-12227,Express,6,ST07,07:17,07:20
12228,SIM-12228,Superfast,1,ST01,12:37,12:40
12228,SIM-12228,Superfast,2,ST17,13:04,13:06
12228,SIM-12228,Superfast,3,ST18,14:03,14:08
12228,SIM-12228,Superfast,4,ST19,14:16,14:23
12228,SIM-12228,Superfast,5,ST20,14:33,14:37
12229,SIM-12229,Superfast,1,ST13,17:46,17:48
12229,SIM-12229,Superfast,2,ST16,18:12,18:14
12229,SIM-12229,Superfast,3,ST03,19:06,19:11
12229,SIM-12229,Superfast,4,ST04,19:25,19:31
12230,SIM-12230,MEMU,1,ST01,03:22,03:27
12230,SIM-12230,MEMU,2,ST02,04:04,04:07
12230,SIM-12230,MEMU,3,ST03,04:44,04:46
12230,SIM-12230,MEMU,4,ST04,04:49,04:54
12230,SIM-12230,MEMU,5,ST05,05:06,05:13
12230,SIM-12230,MEMU,6,ST06,06:52,06:57
12230,SIM-12230,MEMU,7,ST07,06:28,06:30
12231,SIM-12231,Intercity,1,ST01,12:59,13:01
12231,SIM-12231,Intercity,2,ST02,13:26,13:32
12231,SIM-12231,Intercity,3,ST09,13:55,14:02
12231,SIM-12231,Intercity,4,ST10,14:20,14:26
12231,SIM-12231,Intercity,5,ST11,15:55,15:59
12231,SIM-12231,Intercity,6,ST12,15:09,15:16
12232,SIM-12232,Intercity,1,ST13,03:56,03:58
12232,SIM-12232,Intercity,2,ST14,04:37,04:39
12232,SIM-12232,Intercity,3,ST15,05:14,05:19
12232,SIM-12232,Intercity,4,ST05,05:26,05:30
12232,SIM-12232,Intercity,5,ST06,05:44,05:51
12232,SIM-12232,Intercity,6,ST07,06:21,06:24
12233,SIM-12233,Passenger,1,ST01,10:33,10:38
12233,SIM-12233,Passenger,2,ST17,11:15,11:19
12233,SIM-12233,Passenger,3,ST18,11:55,12:01
12233,SIM-12233,Passenger,4,ST19,12:45,12:52
12233,SIM-12233,Passenger,5,ST20,13:13,13:16
12234,SIM-12234,Passenger,1,ST13,16:15,16:18
12234,SIM-12234,Passenger,2,ST16,16:50,16:56
12234,SIM-12234,Passenger,3,ST03,17:11,17:15
12234,SIM-12234,Passenger,4,ST04,18:15,18:19
12235,SIM-12235,Intercity,1,ST01,20:10,20:17
12235,SIM-12235,Intercity,2,ST02,20:38,20:45
12235,SIM-12235,Intercity,3,ST03,21:14,21:18
12235,SIM-12235,Intercity,4,ST04,21:46,21:51
12235,SIM-12235,Intercity,5,ST05,22:42,22:46
12235,SIM-12235,Intercity,6,ST06,22:20,22:27
12235,SIM-12235,Intercity,7,ST07,23:04,23:06
12236,SIM-12236,MEMU,1,ST01,12:32,12:34
12236,SIM-12236,MEMU,2,ST02,13:02,13:07
12236,SIM-12236,MEMU,3,ST09,13:52,13:57
12236,SIM-12236,MEMU,4,ST10,14:08,14:13
12236,SIM-12236,MEMU,5,ST11,15:28,15:32
12236,SIM-12236,MEMU,6,ST12,16:02,16:08
12237,SIM-12237,Intercity,1,ST13,06:19,06:23
12237,SIM-12237,Intercity,2,ST14,06:48,06:53
12237,SIM-12237,Intercity,3,ST15,07:19,07:24
12237,SIM-12237,Intercity,4,ST05,08:28,08:34
12237,SIM-12237,Intercity,5,ST06,09:11,09:13
12237,SIM-12237,Intercity,6,ST07,09:09,09:12
12238,SIM-12238,Passenger,1,ST01,19:16,19:21
12238,SIM-12238,Passenger,2,ST17,19:50,19:54
12238,SIM-12238,Passenger,3,ST18,20:08,20:12
12238,SIM-12238,Passenger,4,ST19,20:49,20:55
12238,SIM-12238,Passenger,5,ST20,22:04,22:10
12239,SIM-12239,Superfast,1,ST13,00:38,00:45
12239,SIM-12239,Superfast,2,ST16,01:20,01:22
12239,SIM-12239,Superfast,3,ST03,01:42,01:48
12239,SIM-12239,Superfast,4,ST04,02:23,02:26
12240,SIM-12240,Intercity,1,ST01,11:01,11:07
12240,SIM-12240,Intercity,2,ST02,11:43,11:46
12240,SIM-12240,Intercity,3,ST03,11:59,12:04
12240,SIM-12240,Intercity,4,ST04,12:46,12:50
12240,SIM-12240,Intercity,5,ST05,13:41,13:47
12240,SIM-12240,Intercity,6,ST06,13:26,13:32
12240,SIM-12240,Intercity,7,ST07,13:55,13:59
12241,SIM-12241,MEMU,1,ST01,00:34,00:40
12241,SIM-12241,MEMU,2,ST02,01:01,01:06
12241,SIM-12241,MEMU,3,ST09,01:38,01:44
12241,SIM-12241,MEMU,4,ST10,02:43,02:48
12241,SIM-12241,MEMU,5,ST11,02:22,02:26
12241,SIM-12241,MEMU,6,ST12,02:49,02:53
12242,SIM-12242,Express,1,ST13,01:17,01:19
12242,SIM-12242,Express,2,ST14,01:59,02:06
12242,SIM-12242,Express,3,ST15,02:39,02:41
12242,SIM-12242,Express,4,ST05,02:50,02:57
12242,SIM-12242,Express,5,ST06,03:41,03:43
12242,SIM-12242,Express,6,ST07,03:32,03:35
12243,SIM-12243,MEMU,1,ST01,20:25,20:32
12243,SIM-12243,MEMU,2,ST17,21:06,21:09
12243,SIM-12243,MEMU,3,ST18,21:47,21:50
12243,SIM-12243,MEMU,4,ST19,21:55,21:58
12243,SIM-12243,MEMU,5,ST20,22:13,22:15
12244,SIM-12244,Express,1,ST13,03:56,03:58
12244,SIM-12244,Express,2,ST16,04:40,04:42
12244,SIM-12244,Express,3,ST03,04:48,04:50
12244,SIM-12244,Express,4,ST04,05:17,05:22
12245,SIM-12245,Passenger,1,ST01,17:22,17:28
12245,SIM-12245,Passenger,2,ST02,17:47,17:52
12245,SIM-12245,Passenger,3,ST03,18:28,18:35
12245,SIM-12245,Passenger,4,ST04,18:55,19:00
12245,SIM-12245,Passenger,5,ST05,19:34,19:39
12245,SIM-12245,Passenger,6,ST06,20:57,21:03
12245,SIM-12245,Passenger,7,ST07,20:40,20:44
12246,SIM-12246,Superfast,1,ST01,14:47,14:49
12246,SIM-12246,Superfast,2,ST02,15:15,15:19
12246,SIM-12246,Superfast,3,ST09,16:07,16:13
12246,SIM-12246,Superfast,4,ST10,16:17,16:21
12246,SIM-12246,Superfast,5,ST11,16:39,16:45
12246,SIM-12246,Superfast,6,ST12,17:12,17:18
12247,SIM-12247,Superfast,1,ST13,17:41,17:47
12247,SIM-12247,Superfast,2,ST14,18:18,18:25
12247,SIM-12247,Superfast,3,ST15,19:05,19:07
12247,SIM-12247,Superfast,4,ST05,19:47,19:53
12247,SIM-12247,Superfast,5,ST06,19:37,19:40
12247,SIM-12247,Superfast,6,ST07,21:01,21:04
12248,SIM-12248,MEMU,1,ST01,09:30,09:32
12248,SIM-12248,MEMU,2,ST17,10:00,10:07
12248,SIM-12248,MEMU,3,ST18,10:42,10:45
12248,SIM-12248,MEMU,4,ST19,11:00,11:04
12248,SIM-12248,MEMU,5,ST20,11:54,11:57
12249,SIM-12249,Passenger,1,ST13,13:03,13:08
12249,SIM-12249,Passenger,2,ST16,13:46,13:48
12249,SIM-12249,Passenger,3,ST03,14:05,14:11
12249,SIM-12249,Passenger,4,ST04,14:54,15:00
